# This file uses centimeters as units for non-parametric coordinates.

mtllib fast_enemycolo.mtl
g default
v 3.097656 55.129635 4.433594
v 7.398438 88.125000 1.417969
v 2.484375 54.187500 -4.832031
v 7.398438 87.750000 -5.636719
v 8.304688 83.437500 -7.132812
v 9.710938 79.062500 -7.015625
v 9.398438 76.312500 -6.031250
v 6.304688 70.187500 -4.234375
v 5.523438 64.000000 -4.496094
v 10.531250 58.812500 -7.117188
v 8.203125 84.562500 3.882812
v 9.703125 79.062500 4.765625
v 9.062500 76.562500 6.371094
v 5.992188 70.187500 5.136719
v 6.406250 64.000000 4.714844
v 10.953125 58.968750 5.882812
v -0.019531 53.900368 -4.804688
v -0.019531 87.437500 -6.371094
v -0.019531 54.721642 4.941406
v -0.019531 88.125000 2.605469
v -0.019531 59.156250 7.898438
v -0.019531 64.000000 7.433594
v -0.019531 70.187500 7.410156
v -0.019531 76.312500 10.015625
v -0.019531 79.187500 9.625000
v -0.019531 84.562500 6.070312
v -0.019531 58.906250 -9.742188
v -0.019531 64.000000 -6.324219
v -0.019531 70.187500 -5.179688
v -0.019531 76.187500 -7.773438
v -0.019531 79.062500 -8.632812
v -0.019531 83.437500 -8.468750
v 14.671875 47.031250 5.847656
v 5.289062 43.125000 -4.699219
v 14.671875 47.812500 -6.636719
v 5.289062 43.250000 4.292969
v 12.796875 54.968750 6.445312
v 12.796875 54.656250 -6.769531
v 3.425781 51.125000 5.042969
v 3.425781 50.343750 -4.941406
v 11.609375 29.671875 1.022461
v 16.281250 31.125000 2.978516
v 10.101562 29.671875 -4.140625
v 16.218750 31.187500 -5.148438
v 1.296875 54.720146 5.046875
v 4.402344 58.906250 -9.671875
v 7.859375 58.968750 -8.742188
v 2.972656 64.000000 -5.871094
v 3.683594 70.187500 -5.179688
v 3.007812 59.218750 7.707031
v 2.531250 64.000000 6.953125
v 2.449219 70.187500 7.324219
v 2.496094 76.375000 10.968750
v 1.996094 79.187500 10.578125
v 1.234375 84.562500 6.070312
v 1.812500 49.937500 -2.015625
v 1.812500 49.937500 2.175781
v 18.500000 31.062500 -2.972656
v 18.140625 31.062500 0.587891
v 1.289062 53.781250 1.937500
v 1.289062 53.750000 -1.923828
v 7.398438 88.125000 -2.441406
v 4.210938 42.375000 -1.919922
v 4.210938 42.375000 2.220703
v 16.390625 48.031250 2.728516
v 16.390625 47.906250 -2.923828
v 12.429688 59.125000 -2.859375
v 12.429688 59.218750 2.410156
v 7.632812 64.000000 -2.316406
v 7.632812 64.000000 2.316406
v 7.382812 70.187500 -2.441406
v 7.382812 70.187500 2.441406
v 14.000000 55.750000 2.687500
v 14.000000 55.656250 -3.031250
v 10.453125 76.062500 -2.611328
v 10.000000 76.250000 2.550781
v 10.968750 77.625000 -2.914062
v 10.617188 78.062500 2.298828
v 29.500000 80.500000 -4.691406
v -0.019531 88.125000 -5.289062
v 11.125000 29.734375 -0.277344
v 10.195312 29.734375 -2.269531
v -0.019531 53.715042 -1.816406
v -0.019531 53.778587 1.817383
v 4.343750 88.125000 -0.102356
v 4.234375 88.125000 -2.863281
v 8.750000 55.718750 -8.906250
v 5.078125 53.968750 -8.507812
v 7.437500 57.062500 7.242188
v 4.734375 56.093750 6.425781
v 11.851562 46.375000 -7.781250
v 8.273438 44.437500 -6.941406
v 5.898438 52.187500 7.214844
v 9.953125 53.500000 7.835938
v -0.019531 55.687500 -9.585938
v -0.019531 54.031250 -8.578125
v -0.019531 57.031250 6.820312
v -0.019531 55.923088 6.285156
v 15.687500 30.843750 -5.542969
v 12.875000 30.437500 -5.765625
v 8.273438 44.343750 6.460938
v 12.335938 45.812500 7.152344
v 9.953125 53.312500 -8.718750
v 5.898438 51.250000 -7.406250
v 15.156250 30.750000 2.832031
v 13.015625 30.437500 2.154297
v 3.582031 55.687500 -9.523438
v 2.527344 53.843750 -7.968750
v 6.507812 55.687500 -9.312500
v 2.906250 57.031250 6.960938
v 2.261719 55.923088 6.476562
v 15.875000 32.093750 -1.894531
v 12.781250 31.125000 -1.630859
v 15.875000 32.156250 2.146484
v 12.781250 31.156250 2.013672
v 6.796875 38.625000 -4.515625
v 15.531250 41.562500 -6.359375
v 6.796875 38.718750 3.015625
v 15.531250 42.531250 4.449219
v 17.546875 42.593750 -2.808594
v 17.312500 42.656250 2.345703
v 6.203125 38.218750 2.103516
v 6.203125 38.218750 -1.850586
v 13.765625 40.812500 5.699219
v 9.984375 39.750000 5.093750
v 9.984375 39.656250 -6.625000
v 13.093750 40.562500 -7.425781
v -0.019531 93.187500 -4.082031
v -0.019531 92.125000 1.349609
v 2.796875 92.125000 -0.513184
v 2.722656 92.125000 -1.531250
v 43.812500 82.187500 -4.027344
v 43.812500 83.187500 -3.496094
v 15.953125 80.312500 -5.253906
v 29.781250 79.687500 1.026367
v 16.406250 80.250000 1.957031
v 16.343750 78.562500 -2.177734
v 28.781250 78.812500 -2.164062
v 29.218750 83.750000 2.291016
v 15.171875 84.375000 2.935547
v 15.765625 81.750000 3.000000
v 29.500000 81.937500 2.310547
v 29.250000 83.187500 -4.976562
v 15.218750 83.375000 -5.699219
v 14.750000 86.687500 -4.621094
v 29.062500 85.500000 -4.035156
v 14.750000 87.437500 -2.148438
v 29.062500 86.125000 -1.458008
v 14.750000 87.062500 0.915527
v 29.062500 85.687500 0.972656
v 41.875000 83.187500 -3.154297
v 41.875000 82.187500 -3.605469
v 41.875000 80.937500 -3.285156
v 41.875000 83.312500 -0.157104
v 41.875000 82.125000 1.550781
v 41.875000 81.000000 1.134766
v 41.875000 80.687500 0.151978
v 46.593750 80.750000 2.550781
v 41.875000 83.500000 -1.736328
v 41.875000 80.562500 -1.925781
v 46.000000 79.312500 2.150391
v 43.812500 80.187500 -3.648438
v 43.812500 83.312500 0.030945
v 43.812500 82.750000 2.154297
v 43.812500 80.312500 1.791992
v 43.812500 80.000000 0.394531
v 43.812500 83.500000 -1.827148
v 43.812500 79.875000 -2.048828
v 43.812500 80.062500 3.421875
v 43.812500 81.625000 3.839844
v 46.468750 80.437500 3.679688
v 45.906250 79.062500 3.277344
v 48.156250 79.062500 2.443359
v 48.250000 79.187500 1.857422
v 47.843750 78.500000 1.649414
v 47.781250 78.375000 2.234375
v 49.781250 81.625000 -1.284180
v 23.937500 80.750000 -4.539062
v 24.187500 80.187500 0.682129
v 24.296875 79.437500 -2.095703
v 23.500000 83.750000 1.582031
v 23.921875 81.187500 1.728516
v 23.531250 83.125000 -4.621094
v 23.265625 85.250000 -3.611328
v 23.265625 85.812500 -1.974609
v 23.265625 85.312500 0.085571
v 40.656250 83.437500 -2.808594
v 41.375000 83.312500 -2.921875
v 41.343750 82.187500 -3.310547
v 40.656250 82.250000 -3.191406
v 41.375000 80.812500 -3.035156
v 40.656250 80.750000 -2.937500
v 41.375000 83.437500 -0.286377
v 40.656250 83.625000 -0.322754
v 40.656250 82.187500 1.033203
v 41.343750 82.125000 1.207031
v 40.656250 80.875000 0.718750
v 41.375000 80.937500 0.851074
v 40.656250 80.500000 -0.081421
v 41.375000 80.625000 -0.013489
v 40.656250 83.812500 -1.624023
v 41.375000 83.625000 -1.673828
v 41.375000 80.500000 -1.840820
v 40.656250 80.312500 -1.795898
v 3.644531 87.500000 -6.371094
v 5.601562 76.375000 -7.773438
v 4.847656 79.062500 -8.632812
v 3.878906 83.437500 -8.289062
v 3.527344 88.125000 2.187500
v 5.156250 59.250000 7.449219
v 4.953125 64.000000 5.988281
v 4.500000 70.187500 6.500000
v 6.437500 76.437500 10.492188
v 5.687500 79.187500 10.101562
v 4.316406 84.562500 5.496094
v 2.761719 88.125000 -4.156250
v 3.378906 88.125000 0.936035
v 2.222656 92.437500 -3.093750
v 2.136719 92.125000 0.201294
v 8.554688 61.625000 -5.394531
v 9.000000 61.000000 5.296875
v -0.019531 61.312500 -8.781250
v -0.019531 61.562500 7.875000
v 2.820312 61.812500 -7.882812
v 5.546875 61.875000 -7.289062
v 2.726562 61.625000 7.527344
v 10.031250 61.562500 -2.587891
v 10.031250 61.625000 2.363281
v 4.941406 61.625000 7.035156
v 8.039062 76.500000 9.171875
v 7.984375 79.125000 8.171875
v 47.593750 79.125000 -3.875000
v 50.156250 79.937500 -3.291016
v 47.437500 78.562500 -2.154297
v 50.250000 79.500000 -1.957031
v 49.656250 81.937500 -3.603516
v 48.125000 81.812500 -4.285156
v 48.062500 82.625000 2.255859
v 49.343750 82.562500 1.443359
v 47.625000 79.250000 1.744141
v 50.156250 80.000000 1.036133
v 49.375000 83.312500 -3.154297
v 48.531250 83.500000 -3.716797
v 49.312500 83.687500 -1.765625
v 48.656250 84.062500 -1.919922
v 50.218750 79.625000 0.058807
v 47.500000 78.812500 0.470459
v 49.375000 83.500000 -0.256836
v 48.593750 83.750000 0.081238
v -3.134766 55.129635 4.433594
v -7.433594 88.125000 1.417969
v -2.522430 54.187500 -4.832031
v -7.433594 87.750000 -5.636719
v -8.339844 83.437500 -7.132812
v -9.750000 79.062500 -7.015625
v -9.433594 76.312500 -6.031250
v -6.343750 70.187500 -4.234375
v -5.560547 64.000000 -4.496094
v -10.570312 58.812500 -7.117188
v -8.242188 84.562500 3.882812
v -9.738281 79.062500 4.765625
v -9.101562 76.562500 6.371094
v -6.025391 70.187500 5.136719
v -6.441406 64.000000 4.714844
v -10.992188 58.968750 5.882812
v -14.710938 47.031250 5.847656
v -5.328125 43.125000 -4.699219
v -14.710938 47.812500 -6.636719
v -5.328125 43.250000 4.292969
v -12.828125 54.968750 6.445312
v -12.828125 54.656250 -6.769531
v -3.462891 51.125000 5.042969
v -3.462891 50.343750 -4.941406
v -11.640625 29.671875 1.022461
v -16.320312 31.125000 2.978516
v -10.140625 29.671875 -4.140625
v -16.250000 31.187500 -5.148438
v -1.333008 54.720146 5.046875
v -4.439453 58.906250 -9.671875
v -7.902344 58.968750 -8.742188
v -3.009766 64.000000 -5.871094
v -3.720703 70.187500 -5.179688
v -2.522430 54.187500 -4.832031
v -2.902344 59.218750 7.707031
v -2.568077 64.000000 6.953125
v -2.487000 70.187500 7.324219
v -2.535370 76.375000 10.968750
v -2.034180 79.187500 10.578125
v -1.271484 84.562500 6.070312
v -1.849121 49.937500 -2.015625
v -1.849121 49.937500 2.175781
v -18.546875 31.062500 -2.972656
v -18.171875 31.062500 0.587891
v -1.325195 53.781250 1.937500
v -1.325195 53.750000 -1.923828
v -7.433594 88.125000 -2.441406
v -4.250000 42.375000 -1.919922
v -4.250000 42.375000 2.220703
v -16.437500 48.031250 2.728516
v -16.437500 47.906250 -2.923828
v -12.468750 59.125000 -2.859375
v -12.468750 59.218750 2.410156
v -7.667969 64.000000 -2.316406
v -7.667969 64.000000 2.316406
v -7.421875 70.187500 -2.441406
v -7.421875 70.187500 2.441406
v -14.039062 55.750000 2.687500
v -14.039062 55.656250 -3.031250
v -10.492188 76.062500 -2.611328
v -10.035156 76.250000 2.550781
v -11.000000 77.625000 -2.914062
v -10.648438 78.062500 2.298828
v -29.890625 80.500000 -4.691406
v -11.164062 29.734375 -0.277344
v -10.234375 29.734375 -2.269531
v -4.380859 88.125000 -0.102356
v -4.270508 88.125000 -2.863281
v -8.792969 55.718750 -8.906250
v -5.115234 53.968750 -8.507812
v -7.472656 57.062500 7.242188
v -4.771484 56.093750 6.425781
v -11.890625 46.375000 -7.781250
v -8.312500 44.437500 -6.941406
v -5.935547 52.187500 7.214844
v -9.988281 53.500000 7.835938
v -15.726562 30.843750 -5.542969
v -12.906250 30.437500 -5.765625
v -8.312500 44.343750 6.460938
v -12.375000 45.812500 7.152344
v -9.988281 53.312500 -8.718750
v -5.935547 51.250000 -7.406250
v -15.187500 30.750000 2.832031
v -13.054688 30.437500 2.154297
v -3.621094 55.687500 -9.523438
v -2.566719 53.843750 -7.968750
v -6.546875 55.687500 -9.312500
v -2.942871 57.031250 6.960938
v -2.218124 55.923088 6.476562
v -15.914062 32.093750 -1.894531
v -12.820312 31.125000 -1.630859
v -15.914062 32.156250 2.146484
v -12.820312 31.156250 2.013672
v -6.835938 38.625000 -4.515625
v -15.570312 41.562500 -6.359375
v -6.835938 38.718750 3.015625
v -15.570312 42.531250 4.449219
v -17.585938 42.593750 -2.808594
v -17.351562 42.656250 2.345703
v -6.240234 38.218750 2.103516
v -6.240234 38.218750 -1.850586
v -13.804688 40.812500 5.699219
v -10.023438 39.750000 5.093750
v -10.023438 39.656250 -6.625000
v -13.140625 40.562500 -7.425781
v -2.836182 92.125000 -0.513184
v -2.760498 92.125000 -1.531250
v -15.984375 80.312500 -5.253906
v -30.140625 79.687500 1.026367
v -16.453125 80.250000 1.957031
v -16.382812 78.562500 -2.177734
v -29.156250 78.812500 -2.164062
v -29.609375 83.750000 2.291016
v -15.203125 84.375000 2.935547
v -15.804688 81.750000 3.000000
v -29.890625 81.937500 2.310547
v -29.625000 83.187500 -4.976562
v -15.257812 83.375000 -5.699219
v -14.789062 86.687500 -4.621094
v -29.453125 85.500000 -4.035156
v -14.789062 87.437500 -2.148438
v -29.453125 86.125000 -1.458008
v -14.789062 87.062500 0.915527
v -29.453125 85.687500 0.972656
v -24.312500 80.750000 -4.539062
v -24.562500 80.187500 0.682129
v -24.671875 79.437500 -2.095703
v -23.875000 83.750000 1.582031
v -24.296875 81.187500 1.728516
v -23.906250 83.125000 -4.621094
v -23.640625 85.250000 -3.611328
v -23.640625 85.812500 -1.974609
v -23.640625 85.312500 0.085571
v -43.500000 83.437500 -2.808594
v -43.500000 82.250000 -3.191406
v -43.500000 80.750000 -2.937500
v -43.500000 83.625000 -0.322754
v -43.500000 82.187500 1.033203
v -43.500000 80.875000 0.718750
v -43.500000 80.500000 -0.081421
v -43.500000 83.812500 -1.624023
v -43.500000 80.312500 -1.795898
v -3.680664 87.500000 -6.371094
v -5.636719 76.375000 -7.773438
v -4.884766 79.062500 -8.632812
v -3.917969 83.437500 -8.289062
v -3.565430 88.125000 2.187500
v -5.199219 59.250000 7.449219
v -4.990234 64.000000 5.988281
v -4.539062 70.187500 6.500000
v -6.476562 76.437500 10.492188
v -5.724609 79.187500 10.101562
v -4.353516 84.562500 5.496094
v -2.798218 88.125000 -4.156250
v -3.417969 88.125000 0.936035
v -2.261230 92.437500 -3.093750
v -2.173584 92.125000 0.201294
v -8.593750 61.625000 -5.394531
v -9.035156 61.000000 5.296875
v -2.858643 61.812500 -7.882812
v -5.583984 61.875000 -7.289062
v -2.692871 61.625000 7.527344
v -10.066406 61.562500 -2.587891
v -10.066406 61.625000 2.363281
v -4.980469 61.625000 7.035156
v -8.078125 76.500000 9.171875
v -8.019531 79.125000 8.171875
v -22.062500 0.393311 11.414062
v -21.906250 0.393311 -5.496094
v -16.539062 0.393311 8.484375
v -15.351562 0.393311 -6.281250
v -14.867188 0.393311 -1.815430
v -15.312500 0.393311 3.572266
v -23.406250 0.393311 7.382812
v -23.468750 0.393311 -0.137695
v -17.968750 0.393311 11.390625
v -20.265625 0.393311 12.523438
v -18.968750 0.393311 -8.781250
v -16.835938 0.393311 -8.156250
v -20.546875 0.393311 -7.937500
v -19.734375 8.312500 -0.345703
v -20.843750 8.312500 -4.929688
v -16.187500 8.312500 0.130249
v -14.890625 8.312500 -5.519531
v -14.109375 8.312500 -3.537109
v -14.734375 8.312500 -1.544922
v -20.703125 8.312500 -2.273438
v -20.937500 8.312500 -3.619141
v -18.562500 8.312500 -7.054688
v -16.406250 8.312500 -6.699219
v -19.921875 8.312500 -6.324219
v -14.992188 2.603516 3.519531
v -14.070312 2.603516 -1.955078
v -23.500000 2.603516 7.398438
v -22.078125 2.603516 11.445312
v -23.515625 2.603516 -0.173462
v -16.343750 2.603516 8.062500
v -17.968750 2.603516 11.421875
v -20.312500 2.603516 12.515625
v -21.921875 2.603516 -5.566406
v -18.937500 2.603516 -8.867188
v -20.703125 2.603516 -7.867188
v -15.039062 2.603516 -6.546875
v -16.625000 2.603516 -8.398438
v -15.000000 4.488281 3.226562
v -22.671875 4.734375 2.576172
v -22.437500 4.867188 -0.835449
v -16.648438 3.646484 7.230469
v -17.812500 3.847656 9.054688
v -21.687500 5.976562 -4.675781
v -18.921875 6.953125 -7.570312
v -14.882812 6.390625 -5.562500
v -14.210938 5.519531 -1.590820
v -21.687500 3.910156 8.953125
v -20.468750 4.128906 9.570312
v -20.500000 6.804688 -6.707031
v -16.656250 6.789062 -7.218750
v -16.367188 7.960938 0.686523
v -19.828125 8.132812 0.248047
v -17.023438 5.964844 4.527344
v -20.546875 6.421875 4.117188
v -16.367188 8.359375 0.831055
v -19.671875 8.523438 0.373779
v -17.007812 6.152344 4.429688
v -20.343750 6.660156 3.902344
v -17.171875 34.000000 2.865234
v -18.609375 33.625000 -3.523438
v -12.898438 32.000000 4.125000
v -9.484375 29.500000 -3.886719
v -9.972656 29.500000 -1.519531
v -10.710938 30.500000 1.646484
v -18.906250 33.968750 0.351074
v -19.171875 33.875000 -1.791992
v -17.617188 33.593750 -2.773438
v -16.335938 33.843750 1.631836
v -15.078125 31.375000 -6.121094
v -12.171875 30.062500 -5.871094
v -17.414062 32.718750 -5.273438
v -11.820312 20.203125 -4.402344
v -13.664062 20.203125 -6.050781
v -16.570312 20.203125 -6.460938
v -11.007812 20.203125 -2.294922
v -18.468750 20.203125 -5.750000
v -19.828125 20.203125 -4.339844
v -11.968750 20.203125 0.758789
v -20.000000 20.203125 -0.762207
v -18.296875 20.203125 1.360352
v -20.234375 20.203125 -2.816406
v -13.789062 20.203125 2.349609
v -18.984375 0.393311 12.148438
v -17.812500 8.312500 -0.125122
v -19.000000 2.603516 12.156250
v -19.140625 3.988281 9.312500
v -18.015625 8.046875 0.458008
v -18.703125 6.191406 4.312500
v -18.015625 8.445312 0.602539
v -18.671875 6.406250 4.164062
v -14.656250 33.250000 4.363281
v -16.226562 20.203125 2.638672
v -12.492188 32.718750 2.541016
v -11.039062 30.468750 -3.025391
v -10.539062 30.468750 -1.529297
v -11.015625 31.437500 0.832031
v -17.812500 33.843750 -0.101624
v -18.000000 33.781250 -1.579102
v -14.890625 32.062500 -4.406250
v -12.890625 31.156250 -4.390625
v -16.500000 32.968750 -3.824219
v -14.601562 33.343750 3.349609
v -19.046875 0.393311 2.007812
v -13.109375 31.375000 4.425781
v -16.531250 33.093750 4.417969
v -8.023438 39.000000 4.796875
v -16.703125 41.625000 4.550781
v -15.296875 31.031250 4.453125
v -11.929688 41.062500 5.195312
v -8.355469 37.250000 4.792969
v -17.156250 39.718750 4.601562
v -12.679688 38.906250 5.070312
v -13.195312 31.281250 5.796875
v -16.625000 33.000000 5.726562
v -8.113281 38.906250 6.230469
v -16.796875 41.531250 5.964844
v -15.390625 30.906250 5.804688
v -12.015625 41.000000 6.605469
v -8.375000 37.375000 6.480469
v -17.195312 39.781250 6.210938
v -12.695312 39.031250 6.785156
v -58.031250 79.125000 3.843750
v -58.218750 82.687500 3.304688
v -58.031250 79.125000 -4.031250
v -58.250000 82.687500 -3.298828
v -44.781250 77.812500 4.214844
v -44.781250 77.812500 -6.031250
v -32.125000 86.937500 4.113281
v -32.578125 87.312500 4.109375
v -32.578125 87.312500 -4.726562
v -32.125000 86.937500 -4.847656
v -58.000000 77.750000 -5.000000
v -58.000000 77.750000 4.785156
v -58.218750 84.062500 4.109375
v -58.281250 84.062500 -4.082031
v -60.593750 80.687500 -2.699219
v -60.593750 80.687500 2.601562
v -60.625000 81.312500 2.400391
v -60.656250 81.312500 -2.425781
v -60.531250 79.125000 -3.804688
v -60.531250 79.125000 3.640625
v -60.687500 82.500000 3.132812
v -60.718750 82.500000 -3.111328
v -86.375000 79.125000 -2.664062
v -78.187500 79.375000 -2.675781
v -78.000000 80.000000 -2.402344
v -86.437500 79.750000 -2.390625
v -77.625000 79.625000 1.207031
v -86.375000 79.125000 -1.520508
v -86.437500 79.750000 -1.721680
v -77.625000 80.187500 1.004883
v 11.140625 91.875000 1.850586
v 31.343750 91.125000 -0.271240
v 31.343750 91.875000 -0.745605
v 11.140625 91.125000 1.244141
v 11.140625 91.875000 1.850586
v 31.343750 91.125000 -0.598633
v 10.117188 82.625000 5.625000
v 10.117188 82.625000 4.542969
v 11.140625 91.875000 -4.609375
v 31.343750 91.125000 -2.488281
v 31.343750 91.875000 -2.013672
v 11.140625 91.125000 -4.003906
v 31.343750 91.125000 -2.160156
v 10.117188 82.625000 -8.382812
v 10.117188 82.625000 -7.304688
v 0.294922 88.875000 7.167969
v 0.294922 113.500000 7.757812
v 0.294922 94.000000 -7.429688
v 0.294922 109.937500 -10.921875
v 0.294922 91.625000 9.546875
v 0.294922 99.312500 11.078125
v 0.294922 109.875000 10.234375
v 0.294922 104.062500 -12.609375
v 0.294922 98.812500 -11.601562
v 0.294922 91.062500 -1.652344
v 0.294922 88.562500 5.234375
v 0.294922 112.187500 -8.906250
v 9.515625 102.062500 -0.656250
v 3.519531 99.500000 10.531250
v 5.812500 99.687500 9.281250
v 8.539062 100.000000 6.570312
v 9.101562 106.625000 -4.562500
v 9.101562 107.750000 -2.388672
v 8.539062 95.250000 5.730469
v 5.812500 94.062500 8.132812
v 3.519531 93.187500 9.203125
v 9.101562 108.062500 -0.191406
v 3.519531 90.062500 4.382812
v 5.812500 91.562500 3.863281
v 7.687500 93.562500 3.025391
v 9.101562 107.875000 1.713867
v 9.007812 95.687500 2.017578
v 3.519531 114.250000 4.343750
v 5.812500 113.125000 3.875000
v 8.539062 109.812500 2.613281
v 8.539062 108.937500 4.625000
v 5.812500 111.937500 6.625000
v 3.519531 112.937500 7.371094
v 9.101562 96.812500 -1.188477
v 3.519531 90.312500 6.222656
v 5.812500 91.812500 5.535156
v 7.687500 93.750000 4.250000
v 3.519531 109.562500 9.726562
v 5.812500 108.875000 8.757812
v 8.539062 106.687500 6.191406
v 9.101562 100.437500 -5.816406
v 3.519531 114.687500 0.445801
v 5.812500 113.500000 0.337891
v 8.539062 110.062500 0.021835
v 9.101562 102.875000 -6.289062
v 8.539062 106.750000 -7.203125
v 5.812500 108.875000 -9.531250
v 3.519531 109.562500 -10.421875
v 9.101562 105.562500 4.343750
v 3.519531 113.937500 -4.050781
v 5.812500 112.875000 -3.742188
v 8.539062 109.625000 -2.966797
v 8.539062 108.125000 -5.925781
v 5.812500 110.812500 -7.781250
v 3.519531 111.750000 -8.500000
v 9.101562 100.687500 4.625000
v 3.519531 104.000000 -12.031250
v 5.812500 103.812500 -10.984375
v 8.539062 103.000000 -8.273438
v 9.101562 97.187500 4.007812
v 3.519531 94.437500 -7.093750
v 5.812500 95.125000 -6.507812
v 7.773438 96.625000 -4.992188
v 9.101562 105.625000 -5.503906
v 9.101562 98.187500 -3.878906
v 3.519531 99.000000 -11.070312
v 5.812500 99.250000 -10.109375
v 8.539062 99.687500 -7.632812
v 9.101562 107.250000 3.193359
v 3.519531 91.625000 -1.593750
v 5.812500 92.562500 -1.512695
v 7.687500 95.125000 -1.333984
v 9.007812 95.812500 2.917969
v -8.925781 102.062500 -0.656250
v -2.930908 99.500000 10.531250
v -5.218750 99.687500 9.281250
v -7.949219 100.000000 6.570312
v -8.515625 106.625000 -4.562500
v -8.515625 107.750000 -2.388672
v -7.949219 95.250000 5.730469
v -5.218750 94.062500 8.132812
v -2.930908 93.187500 9.203125
v -8.515625 108.062500 -0.191406
v -2.930908 90.062500 4.382812
v -5.218750 91.562500 3.863281
v -7.101562 93.562500 3.025391
v -8.515625 107.875000 1.713867
v -8.414062 95.687500 2.017578
v -2.930908 114.250000 4.343750
v -5.218750 113.125000 3.875000
v -7.949219 109.812500 2.613281
v -7.949219 108.937500 4.625000
v -5.218750 111.937500 6.625000
v -2.930908 112.937500 7.371094
v -8.515625 96.812500 -1.188477
v -2.930908 90.312500 6.222656
v -5.218750 91.812500 5.535156
v -7.101562 93.750000 4.250000
v -2.930908 109.562500 9.726562
v -5.218750 108.875000 8.757812
v -7.949219 106.687500 6.191406
v -8.515625 100.437500 -5.816406
v -2.930908 114.687500 0.445801
v -5.218750 113.500000 0.337891
v -7.949219 110.062500 0.021835
v -8.515625 102.875000 -6.289062
v -7.949219 106.750000 -7.203125
v -5.218750 108.875000 -9.531250
v -2.930908 109.562500 -10.421875
v -8.515625 105.562500 4.343750
v -2.930908 113.937500 -4.050781
v -5.218750 112.875000 -3.742188
v -7.949219 109.625000 -2.966797
v -7.949219 108.125000 -5.925781
v -5.218750 110.812500 -7.781250
v -2.930908 111.750000 -8.500000
v -8.515625 100.687500 4.625000
v -2.930908 104.000000 -12.031250
v -5.218750 103.812500 -10.984375
v -7.949219 103.000000 -8.273438
v -8.515625 97.187500 4.007812
v -2.930908 94.437500 -7.093750
v -5.218750 95.125000 -6.507812
v -7.343750 96.625000 -4.992188
v -8.515625 105.625000 -5.503906
v -8.515625 98.187500 -3.878906
v -2.930908 99.000000 -11.070312
v -5.218750 99.250000 -10.109375
v -7.949219 99.687500 -7.632812
v -8.515625 107.250000 3.193359
v -2.930908 91.625000 -1.593750
v -5.218750 92.562500 -1.512695
v -7.101562 95.125000 -1.333984
v -8.414062 95.812500 2.917969
v 0.294922 113.687500 7.898438
v 0.294922 93.750000 -7.472656
v 0.294922 110.062500 -11.125000
v 2.914062 106.375000 10.414062
v 0.294922 104.062500 -12.843750
v 0.294922 98.687500 -11.804688
v 0.294922 115.062500 4.636719
v 0.294922 115.500000 0.483398
v 0.294922 114.750000 -4.296875
v 0.294922 112.375000 -9.031250
v 3.300781 115.625000 4.574219
v 7.492188 112.125000 3.691406
v 9.234375 108.562500 2.660156
v 9.132812 107.625000 4.207031
v 7.468750 111.000000 6.332031
v 3.726562 114.375000 7.781250
v 5.750000 110.625000 10.242188
v 9.648438 107.625000 8.375000
v 9.109375 106.625000 4.894531
v 3.238281 116.062500 0.458252
v 7.507812 112.437500 0.276123
v 9.226562 109.062500 0.417480
v 8.585938 107.812500 -7.078125
v 7.507812 108.000000 -9.195312
v 3.105469 111.187500 -10.968750
v 3.167969 115.437500 -4.257812
v 7.515625 111.812500 -3.623047
v 9.085938 109.312500 -2.566406
v 8.882812 108.625000 -5.480469
v 7.507812 109.937500 -7.488281
v 3.289062 113.312500 -8.914062
v 4.050781 104.000000 -12.039062
v 6.859375 103.875000 -10.414062
v 8.132812 106.625000 -8.593750
v 1.625000 95.687500 -8.968750
v 3.886719 98.875000 -11.101562
v 5.515625 101.062500 -10.968750
v 0.294922 93.937500 -6.625000
v 2.914062 106.062500 9.703125
v 8.554688 108.250000 2.619141
v 8.679688 107.500000 4.121094
v 6.164062 109.062500 8.453125
v 9.164062 107.250000 8.226562
v 8.578125 106.562500 4.792969
v 8.601562 108.750000 0.412109
v 8.000000 107.562500 -6.957031
v 8.515625 108.875000 -2.533203
v 8.429688 108.312500 -5.406250
v 6.343750 103.875000 -9.914062
v 7.304688 106.437500 -8.429688
v 1.605469 95.875000 -8.234375
v 3.859375 98.937500 -10.679688
v 5.468750 101.125000 -10.218750
v -3.462402 114.250000 4.312500
v -6.902344 112.125000 3.691406
v -8.644531 108.562500 2.660156
v -8.542969 107.625000 4.207031
v -6.882812 111.000000 6.332031
v -3.457520 112.937500 7.347656
v -4.385742 106.625000 9.703125
v -6.898438 108.000000 8.375000
v -8.515625 105.500000 5.437500
v -3.466797 114.687500 0.420166
v -6.917969 112.437500 0.276123
v -8.640625 109.062500 0.417480
v -7.996094 107.812500 -7.078125
v -6.914062 108.000000 -9.195312
v -3.461914 109.562500 -10.429688
v -3.467773 113.937500 -4.046875
v -6.925781 111.812500 -3.623047
v -8.492188 109.312500 -2.566406
v -8.289062 108.625000 -5.480469
v -6.914062 109.937500 -7.488281
v -3.463867 111.750000 -8.476562
v -3.462402 104.000000 -12.039062
v -6.273438 103.875000 -10.414062
v -7.539062 106.625000 -8.593750
v -1.033203 95.687500 -8.968750
v -3.297363 98.875000 -11.101562
v -4.927734 101.062500 -10.968750
v -8.250000 108.125000 2.619141
v -8.195312 107.250000 4.121094
v -4.343750 106.437500 9.140625
v -6.083984 107.750000 7.433594
v -8.101562 105.437500 5.332031
v -8.164062 108.625000 0.246338
v -7.445312 107.000000 -6.957031
v -7.972656 108.500000 -2.654297
v -7.832031 107.875000 -5.406250
v -6.210938 103.687500 -9.796875
v -6.886719 105.937500 -7.765625
v -1.016602 95.875000 -8.554688
v -3.268555 98.937500 -10.539062
v -4.878906 101.125000 -10.367188
v 9.328125 105.125000 9.656250
v 7.757812 106.062500 11.718750
v 4.859375 105.437500 11.429688
v 9.273438 105.125000 9.390625
v 7.164062 105.437500 10.734375
v 4.859375 105.187500 11.078125
v 9.218750 94.250000 10.914062
v 8.914062 94.437500 11.359375
v 8.328125 94.312500 11.273438
v 8.796875 94.312500 11.164062
v 8.703125 100.375000 11.625000
v 7.414062 100.375000 12.007812
v 9.031250 100.750000 12.171875
v 9.906250 100.187500 11.023438
v 8.546875 90.562500 10.539062
v -1.500977 98.750000 -11.453125
v -0.369141 94.687500 -8.218750
v -1.583984 104.000000 -12.437500
v -1.581055 113.312500 7.625000
v -1.586914 114.375000 -4.171875
v -1.585938 115.125000 0.451904
v -0.140625 104.687500 10.796875
v -1.583008 109.812500 -10.773438
v -1.583984 112.062500 -8.757812
v -1.583984 114.687500 4.472656
v -0.361328 94.875000 -7.789062
v -0.119141 104.500000 10.515625
v -8.527344 106.562500 4.820312
v -6.890625 109.500000 7.355469
v -3.920898 110.562500 9.679688
v -8.160156 106.500000 4.566406
v -0.860352 109.750000 10.367188
v 1.605469 110.000000 10.304688
v -9.816406 104.125000 1.510742
v -9.050781 103.375000 5.714844
v -6.871094 102.750000 9.281250
v -3.607422 102.312500 11.664062
v 0.242188 102.187500 12.500000
v 4.089844 102.312500 11.664062
v 7.351562 102.750000 9.281250
v 9.531250 103.375000 5.714844
v 10.296875 104.125000 1.510742
v -9.816406 98.187500 0.462891
v -9.050781 97.437500 4.667969
v -6.871094 96.812500 8.234375
v -3.607422 96.375000 10.617188
v 0.242188 96.250000 11.453125
v 4.089844 96.375000 10.617188
v 7.351562 96.812500 8.234375
v 9.531250 97.437500 4.667969
v 10.296875 98.187500 0.462891
v 0.242188 103.500000 1.402344
v 0.242188 98.812500 0.571289
v -22.515625 83.750000 1.858398
v -22.843750 81.250000 1.972656
v -23.234375 80.187500 0.882324
v -23.328125 79.312500 -2.107422
v -22.953125 80.687500 -4.652344
v -22.515625 83.187500 -4.781250
v -22.234375 85.500000 -3.757812
v -22.250000 86.062500 -2.017578
v -22.250000 85.562500 0.187744
v -25.515625 83.125000 -4.687500
v -25.265625 85.312500 -3.695312
v -25.265625 85.875000 -1.839844
v -25.265625 85.375000 0.290527
v -25.484375 83.812500 1.716797
v -25.875000 81.375000 1.838867
v -26.156250 80.062500 0.735840
v -26.062500 79.250000 -2.113281
v -25.890625 80.687500 -4.558594
v 24.890625 85.312500 -3.695312
v 25.140625 83.125000 -4.687500
v 25.531250 80.687500 -4.562500
v 25.687500 79.250000 -2.113281
v 25.781250 80.062500 0.736328
v 25.515625 81.375000 1.838867
v 25.109375 83.812500 1.717773
v 24.890625 85.375000 0.291016
v 24.890625 85.875000 -1.839844
v 22.453125 81.250000 1.978516
v 22.125000 83.750000 1.866211
v 21.859375 85.562500 0.191406
v 21.859375 86.062500 -2.019531
v 21.859375 85.500000 -3.761719
v 22.140625 83.187500 -4.789062
v 22.578125 80.687500 -4.656250
v 22.953125 79.312500 -2.107422
v 22.859375 80.187500 0.887695
v 12.679688 38.906250 5.070312
v 17.156250 39.718750 4.601562
v 16.703125 41.625000 4.550781
v 11.929688 41.062500 5.195312
v 8.355469 37.250000 4.792969
v 8.023438 39.000000 4.796875
v 13.109375 31.375000 4.425781
v 15.296875 31.031250 4.453125
v 16.531250 33.093750 4.417969
v 12.695312 39.031250 6.785156
v 12.015625 41.000000 6.605469
v 16.796875 41.531250 5.964844
v 17.195312 39.781250 6.210938
v 8.375000 37.375000 6.480469
v 8.113281 38.906250 6.230469
v 13.195312 31.281250 5.796875
v 15.390625 30.906250 5.804688
v 16.625000 33.000000 5.726562
v 14.210938 5.519531 -1.590820
v 14.109375 8.312500 -3.537109
v 14.734375 8.312500 -1.544922
v 15.000000 4.488281 3.226562
v 21.687500 3.910156 8.953125
v 19.734375 8.312500 -0.345703
v 20.703125 8.312500 -2.273438
v 22.671875 4.734375 2.576172
v 20.937500 8.312500 -3.619141
v 22.437500 4.867188 -0.835449
v 16.187500 8.312500 0.130249
v 16.648438 3.646484 7.230469
v 17.023438 5.964844 4.527344
v 17.812500 3.847656 9.054688
v 19.140625 3.988281 9.312500
v 18.703125 6.191406 4.312500
v 20.546875 6.421875 4.117188
v 20.468750 4.128906 9.570312
v 20.843750 8.312500 -4.929688
v 21.687500 5.976562 -4.675781
v 20.500000 6.804688 -6.707031
v 19.921875 8.312500 -6.324219
v 18.562500 8.312500 -7.054688
v 18.921875 6.953125 -7.570312
v 16.656250 6.789062 -7.218750
v 16.406250 8.312500 -6.699219
v 14.890625 8.312500 -5.519531
v 14.882812 6.390625 -5.562500
v 21.906250 0.393311 -5.496094
v 21.921875 2.603516 -5.566406
v 20.703125 2.603516 -7.867188
v 20.546875 0.393311 -7.937500
v 15.351562 0.393311 -6.281250
v 15.039062 2.603516 -6.546875
v 14.070312 2.603516 -1.955078
v 14.867188 0.393311 -1.815430
v 18.968750 0.393311 -8.781250
v 18.937500 2.603516 -8.867188
v 16.625000 2.603516 -8.398438
v 16.835938 0.393311 -8.156250
v 23.468750 0.393311 -0.137695
v 23.515625 2.603516 -0.173462
v 18.984375 0.393311 12.148438
v 19.000000 2.603516 12.156250
v 20.312500 2.603516 12.515625
v 20.265625 0.393311 12.523438
v 22.078125 2.603516 11.445312
v 22.062500 0.393311 11.414062
v 16.539062 0.393311 8.484375
v 16.343750 2.603516 8.062500
v 17.968750 2.603516 11.421875
v 17.968750 0.393311 11.390625
v 15.312500 0.393311 3.572266
v 14.992188 2.603516 3.519531
v 23.406250 0.393311 7.382812
v 23.500000 2.603516 7.398438
v 18.015625 8.046875 0.458008
v 17.812500 8.312500 -0.125122
v 19.828125 8.132812 0.248047
v 20.343750 6.660156 3.902344
v 19.671875 8.523438 0.373779
v 18.671875 6.406250 4.164062
v 18.015625 8.445312 0.602539
v 16.367188 8.359375 0.831055
v 16.367188 7.960938 0.686523
v 17.007812 6.152344 4.429688
v 13.664062 20.203125 -6.050781
v 12.171875 30.062500 -5.871094
v 9.484375 29.500000 -3.886719
v 11.820312 20.203125 -4.402344
v 16.570312 20.203125 -6.460938
v 15.078125 31.375000 -6.121094
v 9.972656 29.500000 -1.519531
v 11.007812 20.203125 -2.294922
v 19.828125 20.203125 -4.339844
v 18.609375 33.625000 -3.523438
v 17.414062 32.718750 -5.273438
v 18.468750 20.203125 -5.750000
v 10.710938 30.500000 1.646484
v 11.968750 20.203125 0.758789
v 18.296875 20.203125 1.360352
v 17.171875 34.000000 2.865234
v 18.906250 33.968750 0.351074
v 20.000000 20.203125 -0.762207
v 19.171875 33.875000 -1.791992
v 20.234375 20.203125 -2.816406
v 12.898438 32.000000 4.125000
v 13.789062 20.203125 2.349609
v 17.617188 33.593750 -2.773438
v 16.500000 32.968750 -3.824219
v 10.539062 30.468750 -1.529297
v 11.015625 31.437500 0.832031
v 16.226562 20.203125 2.638672
v 14.656250 33.250000 4.363281
v 18.000000 33.781250 -1.579102
v 16.335938 33.843750 1.631836
v 17.812500 33.843750 -0.101624
v 12.890625 31.156250 -4.390625
v 11.039062 30.468750 -3.025391
v 14.890625 32.062500 -4.406250
v 12.492188 32.718750 2.541016
v 14.601562 33.343750 3.349609
v 19.046875 0.393311 2.007812
vt 0.793350 0.496738
vt 0.797963 0.498482
vt 0.069931 0.031811
vt 0.059881 0.030886
vt 0.025677 0.095180
vt 0.367900 0.096011
vt 0.364510 0.028558
vt 0.747165 0.877710
vt 0.306993 0.207050
vt 0.810696 0.405871
vt 0.280539 0.187487
vt 0.306595 0.188052
vt 0.091245 0.198120
vt 0.067214 0.195921
vt 0.062586 0.139083
vt 0.088509 0.141349
vt 0.014118 0.189984
vt 0.365914 0.182302
vt 0.368070 0.129613
vt 0.389468 0.126109
vt 0.688535 0.264907
vt 0.688542 0.247003
vt 0.709390 0.247118
vt 0.709781 0.264738
vt 0.726647 0.925307
vt 0.688522 0.424903
vt 0.697419 0.424886
vt 0.704410 0.207192
vt 0.688557 0.206460
vt 0.688589 0.195699
vt 0.697640 0.196093
vt 0.688557 0.229981
vt 0.710115 0.229612
vt 0.708845 0.309704
vt 0.688524 0.309524
vt 0.704019 0.358055
vt 0.688523 0.355777
vt 0.701033 0.377138
vt 0.688523 0.379210
vt 0.857636 0.597222
vt 0.422545 0.206679
vt 0.439807 0.232721
vt 0.851426 0.566726
vt 0.817486 0.546795
vt 0.845809 0.547448
vt 0.855837 0.498124
vt 0.834697 0.498577
vt 0.838379 0.454641
vt 0.860559 0.452651
vt 0.844653 0.430907
vt 0.819835 0.431767
vt 0.831566 0.405458
vt 0.852786 0.653436
vt 0.831547 0.631978
vt 0.858461 0.628731
vt 0.864000 0.645087
vt 0.655882 0.165475
vt 0.652942 0.156417
vt 0.972683 0.596705
vt 0.963567 0.595767
vt 0.440624 0.050902
vt 0.765213 0.384736
vt 0.755026 0.363738
vt 0.778515 0.361095
vt 0.743222 0.310544
vt 0.766409 0.311565
vt 0.172601 0.196902
vt 0.144866 0.198158
vt 0.137740 0.142786
vt 0.163013 0.140433
vt 0.746939 0.264525
vt 0.768444 0.266513
vt 0.698119 0.142752
vt 0.866737 0.343274
vt 0.287870 0.138779
vt 0.311566 0.137451
vt 0.777581 0.243560
vt 0.756880 0.236366
vt 0.763981 0.217415
vt 0.176016 0.223365
vt 0.090639 0.226723
vt 0.709979 0.191036
vt 0.153100 0.103007
vt 0.135096 0.109903
vt 0.109270 0.032852
vt 0.788216 0.457694
vt 0.317012 0.096183
vt 0.297196 0.096062
vt 0.316062 0.025006
vt 0.702782 0.892504
vt 0.087947 0.106534
vt 0.060229 0.104955
vt 0.572616 0.060607
vt 0.574294 0.189941
vt 0.651235 0.167732
vt 0.654613 0.175767
vt 0.725187 0.228333
vt 0.708941 0.213142
vt 0.114287 0.227128
vt 0.884214 0.638114
vt 0.682000 0.987873
vt 0.764569 0.971139
vt 0.884215 0.628988
vt 0.884219 0.597052
vt 0.884235 0.369633
vt 0.866648 0.365716
vt 0.884265 0.343085
vt 0.335795 0.205802
vt 0.884234 0.452079
vt 0.864121 0.431130
vt 0.884235 0.425339
vt 0.741422 0.380954
vt 0.723225 0.378081
vt 0.726519 0.361162
vt 0.738292 0.362549
vt 0.719912 0.426564
vt 0.726948 0.309577
vt 0.855088 0.405672
vt 0.731190 0.264326
vt 0.726364 0.245956
vt 0.715713 0.460917
vt 0.044085 0.218378
vt 0.688672 0.169655
vt 0.688539 0.212825
vt 0.413778 0.099973
vt 0.715523 0.469771
vt 0.723360 0.476200
vt 0.750312 0.958913
vt 0.743674 0.957234
vt 0.653608 0.109050
vt 0.655114 0.103095
vt 0.233314 0.734202
vt 0.233518 0.751203
vt 0.726651 0.954815
vt 0.688762 0.143535
vt 0.267711 0.092960
vt 0.763659 0.451910
vt 0.783421 0.422254
vt 0.212682 0.189617
vt 0.799506 0.440547
vt 0.043307 0.190490
vt 0.819250 0.496819
vt 0.801138 0.272875
vt 0.200691 0.129526
vt 0.795175 0.537040
vt 0.463360 0.252392
vt 0.568584 0.100166
vt 0.574148 0.084106
vt 0.650384 0.101140
vt 0.648767 0.107260
vt 0.651036 0.148698
vt 0.650008 0.140048
vt 0.372711 0.496494
vt 0.369027 0.506238
vt 0.406066 0.129248
vt 0.407903 0.155748
vt 0.046326 0.134017
vt 0.052428 0.101981
vt 0.341181 0.028391
vt 0.727876 0.868451
vt 0.794474 0.476019
vt 0.704960 0.865096
vt 0.840385 0.382781
vt 0.860114 0.382956
vt 0.884234 0.406754
vt 0.884233 0.383396
vt 0.116003 0.105272
vt 0.803811 0.483002
vt 0.340202 0.096822
vt 0.120917 0.196691
vt 0.340220 0.184428
vt 0.340400 0.132807
vt 0.117961 0.141936
vt 0.756460 0.962630
vt 0.567704 0.173346
vt 0.647998 0.157349
vt 0.659222 0.090827
vt 0.234178 0.719159
vt 0.649959 0.130387
vt 0.651974 0.117087
vt 0.382281 0.471231
vt 0.376996 0.485630
vt 0.563016 0.157996
vt 0.561759 0.141287
vt 0.644856 0.139956
vt 0.645812 0.148715
vt 0.564666 0.111187
vt 0.646851 0.116746
vt 0.561947 0.125762
vt 0.644817 0.130635
vt 0.463563 0.104619
vt 0.458895 0.128507
vt 0.534654 0.159012
vt 0.539406 0.176661
vt 0.528284 0.178009
vt 0.523156 0.159912
vt 0.470434 0.086259
vt 0.519192 0.091187
vt 0.514080 0.109754
vt 0.482050 0.212414
vt 0.495611 0.233935
vt 0.545550 0.081661
vt 0.541127 0.093834
vt 0.529947 0.091522
vt 0.534260 0.080870
vt 0.470745 0.192429
vt 0.518589 0.179530
vt 0.526267 0.197004
vt 0.459999 0.150537
vt 0.532966 0.127755
vt 0.533022 0.144407
vt 0.521665 0.145932
vt 0.521394 0.128729
vt 0.461558 0.168966
vt 0.511470 0.146653
vt 0.512798 0.160852
vt 0.511142 0.128871
vt 0.535635 0.111761
vt 0.524085 0.111280
vt 0.478390 0.074483
vt 0.549740 0.060689
vt 0.540045 0.060443
vt 0.524675 0.080842
vt 0.531347 0.058973
vt 0.546622 0.193674
vt 0.535584 0.195150
vt 0.247828 0.736448
vt 0.247001 0.746534
vt 0.957789 0.609893
vt 0.248691 0.718993
vt 0.380786 0.513580
vt 0.972277 0.610425
vt 0.309395 0.695858
vt 0.418120 0.458454
vt 0.434453 0.454818
vt 0.285633 0.756428
vt 0.385203 0.502257
vt 0.330929 0.707210
vt 0.390490 0.489723
vt 0.248520 0.767891
vt 0.400419 0.462849
vt 0.312652 0.684999
vt 0.265124 0.767449
vt 0.279747 0.756081
vt 0.434489 0.448996
vt 0.432849 0.496073
vt 0.374239 0.682019
vt 0.310596 0.728492
vt 0.421539 0.516954
vt 0.425588 0.507506
vt 0.294703 0.736459
vt 0.295538 0.722571
vt 0.980890 0.651589
vt 0.360695 0.703291
vt 0.421295 0.503322
vt 0.970578 0.651725
vt 0.297708 0.712822
vt 0.950385 0.637357
vt 0.275583 0.719731
vt 0.274896 0.738043
vt 0.275371 0.747490
vt 0.416463 0.516267
vt 0.411757 0.528511
vt 0.969450 0.640397
vt 0.884223 0.565812
vt 0.884225 0.544004
vt 0.884229 0.497658
vt 0.527225 0.763034
vt 0.545118 0.752413
vt 0.143536 0.443962
vt 0.129902 0.448334
vt 0.254065 0.316346
vt 0.554186 0.739955
vt 0.283683 0.256091
vt 0.273335 0.321811
vt 0.943642 0.382524
vt 0.333038 0.416489
vt 0.359479 0.416273
vt 0.357911 0.449503
vt 0.137428 0.611430
vt 0.134978 0.554670
vt 0.160575 0.550053
vt 0.161147 0.607054
vt 0.213459 0.596309
vt 0.204880 0.536972
vt 0.271780 0.355633
vt 0.272751 0.409035
vt 0.667300 0.264713
vt 0.668227 0.247119
vt 0.679638 0.424884
vt 0.673274 0.207122
vt 0.679556 0.196034
vt 0.668019 0.229636
vt 0.668214 0.309691
vt 0.673028 0.358048
vt 0.676018 0.377134
vt 0.910802 0.597228
vt 0.917006 0.566733
vt 0.965652 0.217591
vt 0.978832 0.189405
vt 0.922615 0.547455
vt 0.950941 0.546807
vt 0.912606 0.498130
vt 0.907895 0.452657
vt 0.930075 0.454652
vt 0.933759 0.498589
vt 0.923804 0.430917
vt 0.936929 0.405465
vt 0.948634 0.431777
vt 0.915619 0.653443
vt 0.936856 0.631991
vt 0.985908 0.137142
vt 0.939321 0.038191
vt 0.598557 0.361059
vt 0.622031 0.363718
vt 0.611853 0.384717
vt 0.610660 0.311528
vt 0.633866 0.310503
vt 0.056341 0.617621
vt 0.060721 0.560531
vt 0.086110 0.560583
vt 0.084086 0.616367
vt 0.608648 0.266455
vt 0.630155 0.264469
vt 0.893769 0.322470
vt 0.271178 0.437001
vt 0.329186 0.365766
vt 0.353194 0.367365
vt 0.599517 0.243492
vt 0.589789 0.221027
vt 0.613117 0.217320
vt 0.620229 0.236293
vt 0.656356 0.203902
vt 0.161168 0.638179
vt 0.067195 0.522392
vt 0.489745 0.751139
vt 0.502626 0.768840
vt 0.085745 0.527613
vt 0.325400 0.324764
vt 0.321776 0.254552
vt 0.326117 0.253442
vt 0.345242 0.324501
vt 0.132367 0.519965
vt 0.159812 0.515867
vt 0.825836 0.217233
vt 0.714248 0.108507
vt 0.727726 0.185383
vt 0.824166 0.195849
vt 0.117150 0.642403
vt 0.668174 0.213023
vt 0.651887 0.228254
vt 0.664378 0.951193
vt 0.688737 0.971146
vt 0.909949 0.628737
vt 0.901785 0.343406
vt 0.901825 0.365770
vt 0.302934 0.433652
vt 0.904344 0.431136
vt 0.635644 0.380943
vt 0.638762 0.362534
vt 0.650532 0.361149
vt 0.653832 0.378071
vt 0.657144 0.426559
vt 0.650102 0.309554
vt 0.913370 0.405685
vt 0.645893 0.264278
vt 0.650730 0.245892
vt 0.661340 0.460915
vt 0.679339 0.170039
vt 0.972335 0.083020
vt 0.661523 0.469767
vt 0.709642 0.957238
vt 0.702993 0.958918
vt 0.690568 0.931264
vt 0.345318 0.242403
vt 0.032586 0.512430
vt 0.388135 0.416774
vt 0.555390 0.231608
vt 0.566047 0.253150
vt 0.184452 0.599472
vt 0.951905 0.457500
vt 0.574911 0.311031
vt 0.381363 0.359499
vt 0.563249 0.356685
vt 0.915807 0.010458
vt 0.816708 0.104306
vt 0.721839 0.125450
vt 0.719380 0.119685
vt 0.809456 0.088696
vt 0.984012 0.110780
vt 0.176299 0.543530
vt 0.167316 0.512201
vt 0.304101 0.258977
vt 0.532548 0.738209
vt 0.324208 0.229977
vt 0.506636 0.760508
vt 0.908357 0.382980
vt 0.928084 0.382796
vt 0.511923 0.770916
vt 0.104327 0.521264
vt 0.301620 0.324642
vt 0.107773 0.612715
vt 0.299908 0.360272
vt 0.298834 0.412053
vt 0.105718 0.557936
vt 0.696846 0.962639
vt 0.729184 0.174722
vt 0.828005 0.178151
vt 0.830044 0.161970
vt 0.729868 0.165946
vt 0.729292 0.157214
vt 0.828852 0.144986
vt 0.821968 0.115012
vt 0.724985 0.134465
vt 0.826500 0.129374
vt 0.728107 0.148038
vt 0.931609 0.117454
vt 0.923791 0.094436
vt 0.856531 0.176872
vt 0.858537 0.158674
vt 0.870091 0.157855
vt 0.867750 0.176487
vt 0.872002 0.107050
vt 0.864548 0.089348
vt 0.914476 0.077220
vt 0.889998 0.038604
vt 0.920998 0.203794
vt 0.843393 0.094699
vt 0.837423 0.083132
vt 0.848484 0.080992
vt 0.854064 0.091027
vt 0.872704 0.194896
vt 0.877570 0.176499
vt 0.929115 0.182379
vt 0.933633 0.139400
vt 0.858015 0.143950
vt 0.855750 0.127408
vt 0.867397 0.126763
vt 0.869533 0.143820
vt 0.934721 0.157846
vt 0.880497 0.157237
vt 0.879649 0.143062
vt 0.877493 0.125509
vt 0.850987 0.111868
vt 0.862392 0.109854
vt 0.905011 0.066635
vt 0.848181 0.215167
vt 0.840280 0.061420
vt 0.857939 0.079764
vt 0.866324 0.215190
vt 0.852253 0.194843
vt 0.863246 0.194525
vt 0.215264 0.382871
vt 0.189705 0.661411
vt 0.175263 0.664841
vt 0.222691 0.348506
vt 0.140555 0.347325
vt 0.134084 0.664399
vt 0.118894 0.662171
vt 0.417190 0.249683
vt 0.109287 0.660829
vt 0.413588 0.273596
vt 0.159523 0.666903
vt 0.178029 0.362287
vt 0.141176 0.257769
vt 0.168549 0.350206
vt 0.159298 0.347710
vt 0.157039 0.386406
vt 0.143780 0.386377
vt 0.150047 0.345230
vt 0.100047 0.659649
vt 0.417082 0.301994
vt 0.421401 0.318735
vt 0.088234 0.658720
vt 0.077314 0.658460
vt 0.423334 0.331134
vt 0.205705 0.428570
vt 0.061867 0.658822
vt 0.048302 0.658839
vt 0.209017 0.411476
vt 0.959671 0.260896
vt 0.392539 0.304682
vt 0.391148 0.323272
vt 0.977663 0.269040
vt 0.969041 0.306602
vt 0.235898 0.418266
vt 0.235873 0.385384
vt 0.937871 0.312630
vt 0.984530 0.279661
vt 0.392149 0.337699
vt 0.396703 0.353842
vt 0.981377 0.295049
vt 0.921016 0.253030
vt 0.397314 0.265162
vt 0.837110 0.291812
vt 0.844124 0.983009
vt 0.153951 0.322205
vt 0.833718 0.283007
vt 0.140215 0.327283
vt 0.840479 0.269702
vt 0.864349 0.306888
vt 0.235220 0.312560
vt 0.169999 0.331258
vt 0.843042 0.298521
vt 0.899664 0.312649
vt 0.235903 0.346198
vt 0.868085 0.257876
vt 0.121799 0.351475
vt 0.128679 0.292103
vt 0.157317 0.421766
vt 0.144063 0.416351
vt 0.116955 0.260276
vt 0.116944 0.288839
vt 0.129025 0.259786
vt 0.128750 0.289113
vt 0.140507 0.289391
vt 0.168565 0.417461
vt 0.141042 0.259259
vt 0.043573 0.743544
vt 0.202724 0.304321
vt 0.226585 0.305701
vt 0.223666 0.741239
vt 0.064251 0.743077
vt 0.184516 0.290990
vt 0.250589 0.286239
vt 0.208777 0.746660
vt 0.092256 0.743798
vt 0.087949 0.839155
vt 0.174122 0.273984
vt 0.078514 0.743152
vt 0.250180 0.262246
vt 0.186972 0.751231
vt 0.136432 0.749499
vt 0.208263 0.226468
vt 0.188064 0.233980
vt 0.117617 0.746764
vt 0.177855 0.245307
vt 0.103261 0.744911
vt 0.241332 0.238212
vt 0.170254 0.752600
vt 0.182896 0.257422
vt 0.185218 0.268873
vt 0.243142 0.283553
vt 0.241689 0.265292
vt 0.153215 0.751882
vt 0.229487 0.228512
vt 0.185498 0.248862
vt 0.208112 0.237037
vt 0.192562 0.241071
vt 0.204247 0.290463
vt 0.221059 0.292532
vt 0.192377 0.280509
vt 0.234176 0.248585
vt 0.225508 0.234502
vt 0.908495 0.285431
vt 0.974047 0.349041
vt 0.823599 0.919847
vt 0.836755 0.919847
vt 0.870923 0.919847
vt 0.913781 0.919847
vt 0.902090 0.919847
vt 0.968050 0.919847
vt 0.983694 0.919847
vt 0.775987 0.919847
vt 0.046556 0.409433
vt 0.870923 0.909954
vt 0.836755 0.909954
vt 0.823599 0.909954
vt 0.913781 0.909954
vt 0.902090 0.909954
vt 0.968050 0.909954
vt 0.758919 0.909954
vt 0.775987 0.909954
vt 0.792222 0.721578
vt 0.791919 0.768237
vt 0.426905 0.613317
vt 0.373986 0.613322
vt 0.890569 0.660076
vt 0.801974 0.715947
vt 0.757358 0.710871
vt 0.889657 0.832920
vt 0.801603 0.773841
vt 0.984708 0.778183
vt 0.218493 0.916374
vt 0.756897 0.780034
vt 0.218493 0.983797
vt 0.222639 0.983797
vt 0.606148 0.393603
vt 0.616284 0.490839
vt 0.380191 0.623401
vt 0.421090 0.623393
vt 0.659992 0.846395
vt 0.663229 0.822384
vt 0.369676 0.641954
vt 0.432774 0.641970
vt 0.783011 0.807909
vt 0.201880 0.866698
vt 0.662590 0.818210
vt 0.077222 0.868246
vt 0.600497 0.838829
vt 0.019454 0.877180
vt 0.600262 0.843548
vt 0.600327 0.848386
vt 0.683608 0.919076
vt 0.970180 0.475200
vt 0.709289 0.731072
vt 0.566384 0.719025
vt 0.234028 0.015339
vt 0.035911 0.312010
vt 0.558318 0.985738
vt 0.566388 0.719034
vt 0.708916 0.746276
vt 0.031756 0.270532
vt 0.561262 0.898476
vt 0.683607 0.909620
vt 0.383986 0.713089
vt 0.564799 0.835435
vt 0.548971 0.705756
vt 0.418050 0.933139
vt 0.402527 0.932625
vt 0.783316 0.643404
vt 0.419368 0.916997
vt 0.763970 0.540564
vt 0.409344 0.796695
vt 0.411803 0.816513
vt 0.781074 0.556919
vt 0.693878 0.588309
vt 0.716007 0.589175
vt 0.717369 0.658023
vt 0.694545 0.660190
vt 0.435720 0.929222
vt 0.432557 0.914485
vt 0.761915 0.638695
vt 0.775757 0.630625
vt 0.460420 0.827005
vt 0.474728 0.849439
vt 0.462271 0.854918
vt 0.449789 0.839591
vt 0.425668 0.868735
vt 0.471321 0.906059
vt 0.454562 0.920714
vt 0.446655 0.908496
vt 0.459165 0.897710
vt 0.475850 0.813806
vt 0.498921 0.842705
vt 0.480475 0.870257
vt 0.466473 0.870927
vt 0.237169 0.918140
vt 0.519322 0.913758
vt 0.524091 0.872241
vt 0.231835 0.870106
vt 0.313784 0.755719
vt 0.272718 0.785396
vt 0.488637 0.802041
vt 0.452820 0.776033
vt 0.463999 0.889895
vt 0.775167 0.568451
vt 0.733642 0.589886
vt 0.734878 0.653526
vt 0.410083 0.775735
vt 0.444651 0.791576
vt 0.437332 0.813007
vt 0.760429 0.556516
vt 0.773516 0.594849
vt 0.413791 0.755999
vt 0.361063 0.729792
vt 0.432671 0.828337
vt 0.420304 0.965110
vt 0.741125 0.678971
vt 0.422289 0.983312
vt 0.398579 0.984585
vt 0.743201 0.527452
vt 0.722559 0.516901
vt 0.693156 0.511061
vt 0.759630 0.590740
vt 0.444781 0.959099
vt 0.450730 0.976366
vt 0.694818 0.689821
vt 0.494977 0.924382
vt 0.471147 0.946108
vt 0.510688 0.933764
vt 0.482135 0.960861
vt 0.477488 0.895447
vt 0.514975 0.836813
vt 0.242552 0.827470
vt 0.506893 0.872734
vt 0.734529 0.549923
vt 0.716479 0.545074
vt 0.693384 0.535339
vt 0.502832 0.908277
vt 0.244688 0.939497
vt 0.360591 0.932488
vt 0.359263 0.916342
vt 0.370568 0.915154
vt 0.618936 0.658058
vt 0.377900 0.794726
vt 0.606118 0.558541
vt 0.366803 0.815887
vt 0.369285 0.796103
vt 0.671676 0.658446
vt 0.671761 0.589586
vt 0.342915 0.928587
vt 0.346071 0.913843
vt 0.612793 0.632137
vt 0.626791 0.639950
vt 0.318659 0.826988
vt 0.328812 0.839033
vt 0.316373 0.854279
vt 0.303767 0.848845
vt 0.352944 0.868112
vt 0.307288 0.905446
vt 0.319450 0.897087
vt 0.331968 0.907866
vt 0.324061 0.920093
vt 0.302728 0.813151
vt 0.279605 0.842084
vt 0.312141 0.870301
vt 0.298103 0.869648
vt 0.254491 0.871636
vt 0.259289 0.913160
vt 0.325820 0.775408
vt 0.289971 0.801407
vt 0.314612 0.889274
vt 0.612232 0.569968
vt 0.654118 0.654278
vt 0.654173 0.590625
vt 0.368547 0.775109
vt 0.341296 0.812380
vt 0.333961 0.790925
vt 0.626750 0.557760
vt 0.614371 0.596328
vt 0.364868 0.755401
vt 0.345936 0.827735
vt 0.358361 0.964475
vt 0.648346 0.679835
vt 0.356402 0.982648
vt 0.668418 0.686797
vt 0.643451 0.528378
vt 0.663859 0.517452
vt 0.628187 0.591963
vt 0.333872 0.958486
vt 0.327951 0.975729
vt 0.283621 0.923789
vt 0.307483 0.945512
vt 0.267939 0.933165
vt 0.296527 0.960247
vt 0.301113 0.894835
vt 0.263592 0.836194
vt 0.271660 0.872126
vt 0.652542 0.550683
vt 0.670468 0.545505
vt 0.275750 0.907681
vt 0.518979 0.451944
vt 0.561665 0.523269
vt 0.553978 0.476013
vt 0.496159 0.487618
vt 0.498728 0.610130
vt 0.489616 0.628739
vt 0.465878 0.609086
vt 0.473555 0.596861
vt 0.534116 0.625187
vt 0.521834 0.644086
vt 0.550492 0.336091
vt 0.548761 0.308697
vt 0.505980 0.586085
vt 0.480816 0.579555
vt 0.542077 0.600205
vt 0.546201 0.366479
vt 0.462779 0.642076
vt 0.458695 0.614157
vt 0.494523 0.660772
vt 0.546157 0.273027
vt 0.542030 0.242928
vt 0.521488 0.527779
vt 0.513823 0.558392
vt 0.491580 0.556415
vt 0.501453 0.532137
vt 0.558425 0.540780
vt 0.551720 0.571796
vt 0.527694 0.431905
vt 0.537898 0.398153
vt 0.454069 0.556505
vt 0.476372 0.518204
vt 0.554072 0.439065
vt 0.571918 0.411265
vt 0.530551 0.476967
vt 0.542046 0.455301
vt 0.524529 0.508924
vt 0.508026 0.517249
vt 0.516325 0.501581
vt 0.463029 0.606845
vt 0.468644 0.594855
vt 0.476259 0.577656
vt 0.455221 0.612546
vt 0.486958 0.554179
vt 0.498112 0.530029
vt 0.526331 0.474216
vt 0.537176 0.453233
vt 0.552023 0.436865
vt 0.569064 0.406304
vt 0.504677 0.513867
vt 0.512623 0.496468
vt 0.581565 0.390334
vt 0.538364 0.240684
vt 0.955377 0.821179
vt 0.471365 0.691398
vt 0.972986 0.857200
vt 0.987019 0.836460
vt 0.956157 0.837611
vt 0.506561 0.446108
vt 0.484288 0.480614
vt 0.472614 0.473278
vt 0.494068 0.440348
vt 0.495185 0.335113
vt 0.466342 0.335587
vt 0.464622 0.322238
vt 0.493915 0.315592
vt 0.523520 0.335254
vt 0.521953 0.312451
vt 0.536953 0.335309
vt 0.535290 0.310157
vt 0.490609 0.358542
vt 0.464858 0.352973
vt 0.519413 0.361703
vt 0.532845 0.363936
vt 0.488252 0.304561
vt 0.460490 0.314698
vt 0.456326 0.307608
vt 0.482624 0.292770
vt 0.512371 0.291648
vt 0.494346 0.271711
vt 0.529682 0.277208
vt 0.515882 0.244455
vt 0.474534 0.414635
vt 0.459596 0.401147
vt 0.463218 0.376758
vt 0.483415 0.385611
vt 0.501842 0.422688
vt 0.511561 0.391142
vt 0.514690 0.427419
vt 0.524739 0.394618
vt 0.453651 0.547292
vt 0.453821 0.537376
vt 0.453838 0.504832
vt 0.465052 0.511894
vt 0.451496 0.484865
vt 0.453713 0.459871
vt 0.456173 0.432226
vt 0.457353 0.416036
vt 0.467033 0.430959
vt 0.462196 0.334697
vt 0.460863 0.321750
vt 0.460100 0.353665
vt 0.457768 0.316243
vt 0.454185 0.306471
vt 0.453327 0.402169
vt 0.456343 0.377622
vt 0.447282 0.484206
vt 0.449340 0.459139
vt 0.450702 0.538614
vt 0.450016 0.505987
vt 0.450635 0.419709
vt 0.447405 0.433333
vt 0.450325 0.548787
vt 0.475177 0.287249
vt 0.490362 0.270193
vt 0.514352 0.242652
vt 0.425524 0.673592
vt 0.422172 0.685036
vt 0.876665 0.845874
vt 0.381868 0.664174
vt 0.919546 0.846291
vt 0.876817 0.849270
vt 0.462661 0.672936
vt 0.451890 0.655993
vt 0.451457 0.654147
vt 0.876410 0.852733
vt 0.354835 0.656125
vt 0.918576 0.855812
vt 0.319526 0.525261
vt 0.296395 0.542295
vt 0.215804 0.508140
vt 0.238795 0.525277
vt 0.346749 0.519359
vt 0.265941 0.531298
vt 0.373928 0.525400
vt 0.293108 0.525433
vt 0.396958 0.542551
vt 0.316183 0.508427
vt 0.412340 0.568154
vt 0.331681 0.482956
vt 0.231848 0.643730
vt 0.337242 0.452850
vt 0.280883 0.567819
vt 0.275319 0.597973
vt 0.339766 0.611379
vt 0.200451 0.482580
vt 0.266167 0.452427
vt 0.346548 0.598338
vt 0.919376 0.369121
vt 0.332441 0.435551
vt 0.638598 0.209894
vt 0.140635 0.639845
vt 0.186218 0.627302
vt 0.667237 0.190899
vt 0.055346 0.644272
vt 0.016719 0.641935
vt 0.957777 0.405883
vt 0.901787 0.343406
vt 0.248677 0.435325
vt 0.084236 0.646847
vt 0.824854 0.382515
vt 0.849074 0.369096
vt 0.720780 0.204018
vt 0.738537 0.209978
vt 0.698021 0.170102
vt 0.070030 0.226934
vt 0.249045 0.214701
vt 0.787299 0.221115
vt 0.281772 0.220608
vt 0.366843 0.210090
vt 0.016131 0.218037
vt 0.147463 0.228560
vt 0.844124 0.967444
vt 0.853069 0.967444
vt 0.912294 0.967444
vt 0.950969 0.967444
vt 0.954546 0.874345
vt 0.984699 0.874345
vt 0.901255 0.874345
vt 0.877682 0.967444
vt 0.834605 0.967444
vt 0.861696 0.874345
vt 0.829167 0.874345
vt 0.842640 0.874345
vt 0.983140 0.967444
vt 0.813021 0.874345
vt 0.147812 0.665780
vt 0.191841 0.366257
vt 0.143583 0.420745
vt 0.433740 0.307768
vt 0.432964 0.319811
vt 0.195367 0.411134
vt 0.195290 0.396230
vt 0.433824 0.330927
vt 0.438233 0.345771
vt 0.435538 0.298547
vt 0.195187 0.381586
vt 0.133426 0.432096
vt 0.955085 0.048431
vt 0.626779 0.429832
vt 0.632813 0.462648
vt 0.938241 0.654840
vt 0.594981 0.374946
vt 0.559557 0.368062
vt 0.951919 0.567538
vt 0.942546 0.598916
vt 0.988080 0.159058
vt 0.750265 0.429840
vt 0.426292 0.063209
vt 0.744262 0.462649
vt 0.746935 0.490364
vt 0.791848 0.548560
vt 0.782100 0.374987
vt 0.816524 0.567523
vt 0.408922 0.177854
vt 0.825864 0.598902
vt 0.653701 0.476198
vt 0.673808 0.941129
vt 0.700231 0.928822
vt 0.688523 0.459900
vt 0.801960 0.967824
vt 0.651349 0.967815
vt 0.904409 0.645092
vt 0.779500 0.941115
vt 0.762739 0.931253
vt 0.753065 0.928816
vt 0.788928 0.951183
vt 0.771302 0.987871
vt 0.812630 0.011893
vt 0.231848 0.611380
vt 0.812624 0.054505
vt 0.417751 0.598336
vt 0.609087 0.054448
vt 0.638956 0.054474
vt 0.638955 0.011864
vt 0.609086 0.011838
vt 0.781961 0.054445
vt 0.781960 0.011834
vt 0.752093 0.054472
vt 0.752092 0.011861
vt 0.723378 0.054352
vt 0.723377 0.011741
vt 0.695537 0.054508
vt 0.695536 0.011897
vt 0.667682 0.054353
vt 0.667681 0.011742
vt 0.195062 0.452443
vt 0.285797 0.614783
vt 0.578425 0.054510
vt 0.285797 0.640327
vt 0.578417 0.011898
vt 0.339767 0.643730
vt 0.630142 0.490364
vt 0.652352 0.495831
vt 0.724717 0.495833
vt 0.830156 0.654827
vt 0.535838 0.216083
vt 0.544317 0.213969
vt 0.553913 0.213045
vt 0.576514 0.211192
vt 0.857696 0.214485
vt 0.575951 0.272818
vt 0.968944 0.440569
vt 0.976570 0.548569
vt 0.945424 0.240500
vt 0.022231 0.553101
vt 0.374631 0.320956
vt 0.193324 0.502999
vt 0.250273 0.350740
vt 0.508351 0.733546
vt 0.296034 0.230406
vt 0.059890 0.432582
vt 0.274845 0.248656
vt 0.973267 0.537062
vt 0.949206 0.496834
vt 0.015777 0.614024
vt 0.390985 0.443819
vt 0.985051 0.422269
vt 0.884432 0.321802
vt 0.214010 0.624417
vt 0.679431 0.142687
vt 0.725619 0.193835
vt 0.248680 0.408078
vt 0.811048 0.253210
vt 0.816540 0.457483
vt 0.230575 0.719679
vt 0.659068 0.173333
vt 0.654190 0.089409
vt 0.377776 0.471900
vt 0.374641 0.463377
vt 0.489705 0.044693
vt 0.817525 0.368095
vt 0.460328 0.020230
vt 0.369440 0.494758
vt 0.373208 0.485461
vt 0.230598 0.710997
vt 0.972860 0.592471
vt 0.981385 0.592121
vt 0.229866 0.732722
vt 0.186677 0.089935
vt 0.260067 0.130949
vt 0.017253 0.130087
vt 0.387112 0.093265
vt 0.767969 0.497636
vt 0.767617 0.472985
vt 0.295688 0.015801
vt 0.044317 0.029154
vt 0.813822 0.356704
vt 0.802160 0.311068
vt 0.252136 0.187831
vt 0.214288 0.217514
vt 0.821694 0.231684
vt 0.389128 0.209116
vt 0.875061 0.322337
vt 0.389748 0.182187
vt 0.379533 0.667794
vt 0.849955 0.849985
vt 0.469467 0.693828
vt 0.919371 0.836792
vt 0.955802 0.855307
vt 0.422411 0.663042
vt 0.381231 0.660181
vt 0.458714 0.640367
vt 0.968819 0.809271
vt 0.404287 0.726308
vt 0.377464 0.751671
vt 0.380134 0.772327
vt 0.622897 0.541894
vt 0.379500 0.965248
vt 0.380115 0.983894
vt 0.376114 0.931958
vt 0.605473 0.645054
vt 0.576416 0.604963
vt 0.373238 0.815563
vt 0.401199 0.752257
vt 0.398499 0.772943
vt 0.400729 0.795311
vt 0.721149 0.686310
vt 0.399168 0.965905
vt 0.770107 0.656654
vt 0.811626 0.602782
vt 0.408060 0.915821
vt 0.405369 0.816189
vt 0.541434 0.918731
vt 0.533928 0.940087
vt 0.536017 0.828107
vt 0.546739 0.870714
vt 0.505898 0.786050
vt 0.374398 0.725711
vt 0.417618 0.730402
vt 0.464869 0.756362
vt 0.583242 0.396441
vt 0.449544 0.560832
vt 0.517713 0.680132
vt 0.542701 0.655928
vt 0.572288 0.576472
vt 0.562397 0.606600
vt 0.581797 0.518262
vt 0.580346 0.540923
vt 0.579982 0.439451
vt 0.581664 0.476299
vt 0.553503 0.633528
vt 0.097911 0.252985
vt 0.558295 0.842991
vt 0.976275 0.486694
vt 0.383408 0.710843
vt 0.976275 0.489360
vt 0.709290 0.752527
vt 0.098080 0.245371
vt 0.550871 0.713135
vt 0.236329 0.182806
vt 0.976275 0.474006
vt 0.561268 0.930256
vt 0.036934 0.274954
vt 0.566385 0.764604
vt 0.030497 0.316145
vt 0.708921 0.737327
vt 0.970181 0.485504
vt 0.095585 0.337292
vt 0.241433 0.017246
vt 0.095333 0.344931
vt 0.564777 0.648194
vt 0.976274 0.471346
vt 0.234088 0.182228
vt 0.030496 0.316146
vt 0.277675 0.707410
vt 0.956632 0.656451
vt 0.355090 0.679653
vt 0.295486 0.743883
vt 0.329100 0.689911
vt 0.248914 0.707327
vt 0.390514 0.693935
vt 0.417749 0.448054
vt 0.279584 0.760374
vt 0.299009 0.679646
vt 0.265239 0.759175
vt 0.285363 0.760752
vt 0.437210 0.458132
vt 0.399673 0.452039
vt 0.378695 0.462912
vt 0.234096 0.709060
vt 0.229261 0.739144
vt 0.962770 0.591792
vt 0.426052 0.486722
vt 0.371158 0.700963
vt 0.397422 0.475761
vt 0.437207 0.517879
vt 0.421703 0.466147
vt 0.296611 0.684955
vt 0.419746 0.526964
vt 0.981860 0.643984
vt 0.980375 0.610128
vt 0.972194 0.668045
vt 0.980323 0.595980
vt 0.366323 0.503330
vt 0.658315 0.851109
vt 0.019346 0.869100
vt 0.014934 0.871091
vt 0.014997 0.875817
vt 0.599967 0.834186
vt 0.081621 0.895675
vt 0.423406 0.628716
vt 0.783369 0.851556
vt 0.378485 0.628704
vt 0.202307 0.904152
vt 0.783260 0.846715
vt 0.783370 0.812544
vt 0.593594 0.421692
vt 0.588973 0.397992
vt 0.591298 0.542100
vt 0.598564 0.489985
vt 0.597975 0.465605
vt 0.767034 0.717590
vt 0.608599 0.545962
vt 0.766662 0.773248
vt 0.615516 0.465099
vt 0.610871 0.418661
vt 0.797729 0.671253
vt 0.014807 0.983797
vt 0.014807 0.916374
vt 0.797030 0.818735
vt 0.108337 0.916374
vt 0.108337 0.983797
vt 0.222639 0.916374
vt 0.984636 0.715735
vt 0.987500 0.781379
vt 0.987476 0.712700
vt 0.923726 0.340753
vt 0.758919 0.919847
vt 0.033824 0.349957
vt 0.983694 0.909954
vt 0.023358 0.363619
vt 0.014154 0.411059
vt 0.049001 0.354225
vt 0.078205 0.401105
vt 0.079002 0.412230
vt 0.049725 0.423838
vt 0.015352 0.423840
vt 0.934987 0.331252
vt 0.974484 0.321013
vt 0.968060 0.376832
vt 0.927879 0.353675
vt 0.978972 0.377203
vt 0.987840 0.351505
vt 0.986471 0.321813
vt 0.171971 0.836316
vt 0.158867 0.844533
vt 0.073215 0.832002
vt 0.055568 0.822490
vt 0.100704 0.841961
vt 0.174124 0.257723
vt 0.137467 0.847446
vt 0.194791 0.823792
vt 0.115899 0.844383
vt 0.216652 0.812804
vt 0.011124 0.809768
vt 0.034728 0.813624
vt 0.237659 0.293237
vt 0.233553 0.809547
vt 0.247994 0.303092
vt 0.203542 0.655528
vt 0.026127 0.743463
vt 0.129119 0.257932
vt 0.141837 0.257991
vt 0.169105 0.386169
vt 0.143448 0.288850
vt 0.140439 0.292382
vt 0.156828 0.417064
vt 0.115792 0.291716
vt 0.113920 0.288160
vt 0.115677 0.257920
vt 0.115930 0.257800
vt 0.162991 0.325631
vt 0.853069 0.983009
vt 0.796177 0.889909
vt 0.983140 0.983009
vt 0.950969 0.983009
vt 0.912294 0.983009
vt 0.819857 0.983009
vt 0.954546 0.889909
vt 0.901255 0.889909
vt 0.877682 0.983009
vt 0.834605 0.983009
vt 0.861696 0.889909
vt 0.842640 0.889909
vt 0.829167 0.889909
vt 0.813021 0.889909
vt 0.796177 0.874345
vt 0.408639 0.213025
vt 0.121801 0.389070
vt 0.183306 0.354131
vt 0.227063 0.317729
vt 0.168859 0.422295
vt 0.438231 0.289298
vt 0.426749 0.346853
vt 0.235557 0.435445
vt 0.195018 0.424582
vt 0.485581 0.697939
vt 0.489878 0.698068
vt 0.113253 0.447738
vt 0.528131 0.767883
vt 0.104422 0.448568
vt 0.153430 0.442105
vt 0.168765 0.438967
vt 0.488253 0.725956
vt 0.083900 0.440869
vt 0.540524 0.761473
vt 0.722377 0.897794
vt 0.321326 0.024496
vt 0.744861 0.890858
vt 0.684473 0.871618
vt 0.699207 0.888578
vt 0.377669 0.027397
vt 0.083865 0.034943
vt 0.100451 0.032812
vt 0.803385 0.473536
vt 0.765906 0.519254
vt 0.779763 0.512501
vt 0.129046 0.023294
vt 0.152209 0.012868
vt 0.789501 0.509534
vt 0.984699 0.889909
vt 0.819857 0.967444
vt 1.974047 0.349041
vt 1.974484 0.321013
vt 1.986471 0.321813
vt 1.987840 0.351505
vt 1.968060 0.376832
vt 1.978972 0.377203
vt 1.927879 0.353675
vt 1.923726 0.340753
vt 1.934987 0.331252
vt 1.046556 0.409433
vt 1.049725 0.423838
vt 1.015352 0.423840
vt 1.014154 0.411059
vt 1.078205 0.401105
vt 1.079002 0.412230
vt 1.049001 0.354225
vt 1.033824 0.349957
vt 1.023358 0.363619
vt 1.836755 0.919847
vt 1.836755 0.909954
vt 1.870923 0.909954
vt 1.870923 0.919847
vt 1.902090 0.909954
vt 1.902090 0.919847
vt 1.758919 0.919847
vt 1.758919 0.909954
vt 1.775987 0.909954
vt 1.775987 0.919847
vt 1.823599 0.909954
vt 1.823599 0.919847
vt 1.968050 0.919847
vt 1.968050 0.909954
vt 1.983694 0.909954
vt 1.983694 0.919847
vt 1.913781 0.919847
vt 1.913781 0.909954
vt 1.215264 0.382871
vt 1.195290 0.396230
vt 1.195187 0.381586
vt 1.222691 0.348506
vt 1.140555 0.347325
vt 1.143583 0.420745
vt 1.133426 0.432096
vt 1.121801 0.389070
vt 1.417190 0.249683
vt 1.438231 0.289298
vt 1.435538 0.298547
vt 1.413588 0.273596
vt 1.191841 0.366257
vt 1.227063 0.317729
vt 1.178029 0.362287
vt 1.169105 0.386169
vt 1.168549 0.350206
vt 1.159298 0.347710
vt 1.157039 0.386406
vt 1.143780 0.386377
vt 1.150047 0.345230
vt 1.433740 0.307768
vt 1.417082 0.301994
vt 1.421401 0.318735
vt 1.432964 0.319811
vt 1.433824 0.330927
vt 1.423334 0.331134
vt 1.205705 0.428570
vt 1.195018 0.424582
vt 1.195367 0.411134
vt 1.209017 0.411476
vt 1.438233 0.345771
vt 1.426749 0.346853
vt 1.861696 0.874345
vt 1.861696 0.889909
vt 1.842640 0.889909
vt 1.842640 0.874345
vt 1.983140 0.967444
vt 1.983140 0.983009
vt 1.950969 0.983009
vt 1.950969 0.967444
vt 1.829167 0.874345
vt 1.829167 0.889909
vt 1.813021 0.889909
vt 1.813021 0.874345
vt 1.796177 0.889909
vt 1.796177 0.874345
vt 1.901255 0.874345
vt 1.901255 0.889909
vt 1.844124 0.967444
vt 1.844124 0.983009
vt 1.834605 0.983009
vt 1.834605 0.967444
vt 1.819857 0.983009
vt 1.819857 0.967444
vt 1.877682 0.967444
vt 1.877682 0.983009
vt 1.853069 0.983009
vt 1.853069 0.967444
vt 1.912294 0.967444
vt 1.912294 0.983009
vt 1.954546 0.874345
vt 1.954546 0.889909
vt 1.984699 0.874345
vt 1.984699 0.889909
vt 1.392539 0.304682
vt 1.391148 0.323272
vt 1.235898 0.418266
vt 1.235873 0.385384
vt 1.392149 0.337699
vt 1.396703 0.353842
vt 1.235557 0.435445
vt 1.397314 0.265162
vt 1.162991 0.325631
vt 1.153951 0.322205
vt 1.140215 0.327283
vt 1.183306 0.354131
vt 1.169999 0.331258
vt 1.235903 0.346198
vt 1.235220 0.312560
vt 1.408639 0.213025
vt 1.121799 0.351475
vt 1.156828 0.417064
vt 1.157317 0.421766
vt 1.144063 0.416351
vt 1.115677 0.257920
vt 1.116955 0.260276
vt 1.116944 0.288839
vt 1.113920 0.288160
vt 1.129025 0.259786
vt 1.128750 0.289113
vt 1.128679 0.292103
vt 1.140507 0.289391
vt 1.140439 0.292382
vt 1.143448 0.288850
vt 1.141042 0.259259
vt 1.141837 0.257991
vt 1.129119 0.257932
vt 1.115930 0.257800
vt 1.168859 0.422295
vt 1.168565 0.417461
vt 1.043573 0.743544
vt 1.034728 0.813624
vt 1.011124 0.809768
vt 1.026127 0.743463
vt 1.064251 0.743077
vt 1.055568 0.822490
vt 1.223666 0.741239
vt 1.233553 0.809547
vt 1.216652 0.812804
vt 1.208777 0.746660
vt 1.092256 0.743798
vt 1.087949 0.839155
vt 1.073215 0.832002
vt 1.078514 0.743152
vt 1.194791 0.823792
vt 1.186972 0.751231
vt 1.136432 0.749499
vt 1.137467 0.847446
vt 1.115899 0.844383
vt 1.117617 0.746764
vt 1.100704 0.841961
vt 1.103261 0.744911
vt 1.171971 0.836316
vt 1.170254 0.752600
vt 1.174124 0.257723
vt 1.182896 0.257422
vt 1.185218 0.268873
vt 1.174122 0.273984
vt 1.250589 0.286239
vt 1.243142 0.283553
vt 1.241689 0.265292
vt 1.250180 0.262246
vt 1.153215 0.751882
vt 1.158867 0.844533
vt 1.088234 0.658720
vt 1.077314 0.658460
vt 1.109287 0.660829
vt 1.100047 0.659649
vt 1.147812 0.665780
vt 1.134084 0.664399
vt 1.175263 0.664841
vt 1.159523 0.666903
vt 1.118894 0.662171
vt 1.189705 0.661411
vt 1.203542 0.655528
vt 1.061867 0.658822
vt 1.048302 0.658839
vt 1.141176 0.257769
vt 1.115792 0.291716
vt 1.177855 0.245307
vt 1.185498 0.248862
vt 1.208263 0.226468
vt 1.208112 0.237037
vt 1.192562 0.241071
vt 1.188064 0.233980
vt 1.202724 0.304321
vt 1.204247 0.290463
vt 1.221059 0.292532
vt 1.226585 0.305701
vt 1.192377 0.280509
vt 1.184516 0.290990
vt 1.241332 0.238212
vt 1.234176 0.248585
vt 1.225508 0.234502
vt 1.229487 0.228512
vt 1.247994 0.303092
vt 1.237659 0.293237
vt 1.977663 0.269040
vt 1.908495 0.285431
vt 1.959671 0.260896
vt 1.899664 0.312649
vt 1.937871 0.312630
vt 1.868085 0.257876
vt 1.840479 0.269702
vt 1.921016 0.253030
vt 1.864349 0.306888
vt 1.843042 0.298521
vt 1.833718 0.283007
vt 1.837110 0.291812
vt 1.984530 0.279661
vt 1.969041 0.306602
vt 1.981377 0.295049
vt 0.848655 0.058944
vt 0.910861 0.227072
vt 0.808239 0.065145
vt 0.830772 0.062766
vt 0.248136 0.756116
vt 0.232527 0.741518
vn 0.422226 -0.884634 -0.197859
vn -0.262534 -0.408300 0.874281
vn -0.491967 -0.489370 0.720059
vn -0.664859 -0.719160 0.201920
vn -0.901373 -0.431266 -0.039201
vn -0.696559 -0.302234 -0.650738
vn -0.613759 -0.501404 -0.609830
vn -0.750322 -0.659887 0.039571
vn 0.308780 0.035489 -0.950471
vn 0.645687 0.481492 -0.592667
vn 0.748251 0.239239 -0.618777
vn 0.172706 -0.046653 -0.983868
vn -0.358739 -0.111661 0.926736
vn -0.702643 -0.165698 0.691981
vn -0.632001 -0.293317 0.717315
vn -0.294932 -0.243803 0.923891
vn -0.948414 -0.244829 -0.201419
vn -0.752359 -0.235966 -0.615041
vn -0.716394 -0.259399 -0.647682
vn -0.925770 -0.335330 -0.174651
vn -0.000000 0.044220 0.999022
vn 0.000018 0.125552 0.992087
vn 0.170508 0.176456 0.969428
vn 0.236782 0.051329 0.970206
vn -0.000009 0.570796 0.821092
vn 0.000000 0.614350 0.789033
vn 0.035489 0.661938 0.748718
vn 0.051385 -0.704768 0.707574
vn 0.000009 -0.595855 0.803092
vn -0.000000 -0.891409 0.453199
vn 0.078304 -0.893031 0.443131
vn 0.000017 -0.177387 0.984141
vn 0.092128 -0.113297 0.989281
vn 0.133381 -0.321706 0.937398
vn 0.000000 -0.257744 0.966213
vn 0.016750 -0.312163 0.949881
vn -0.000000 -0.319705 0.947517
vn -0.020486 0.486781 0.873284
vn 0.000003 0.439950 0.898022
vn 0.130814 0.242103 -0.961392
vn 0.227897 0.216272 -0.949363
vn 0.350152 -0.246076 -0.903792
vn 0.161629 -0.070148 -0.984355
vn 0.616758 -0.413618 -0.669724
vn 0.186769 -0.372906 -0.908877
vn 0.183836 -0.223506 -0.957209
vn 0.600288 -0.289990 -0.745359
vn 0.574059 0.331273 -0.748809
vn 0.234847 0.271303 -0.933403
vn 0.304766 0.664719 -0.682104
vn 0.531878 0.703251 -0.471745
vn 0.342723 0.416256 -0.842183
vn 0.417850 0.884610 -0.207043
vn 0.175722 0.680990 -0.710897
vn 0.099210 0.618476 -0.779516
vn 0.376271 0.690079 -0.618232
vn -0.088517 -0.674640 -0.732820
vn -0.272725 0.040211 -0.961251
vn -0.260760 0.052887 -0.963954
vn -0.335325 -0.598108 -0.727890
vn 0.562606 -0.739029 0.370554
vn 0.675014 -0.025160 0.737375
vn 0.895737 -0.280953 0.344560
vn 0.906531 -0.384591 0.174043
vn 0.805643 -0.283501 0.520161
vn 0.955595 -0.233282 0.180047
vn 0.930597 0.325039 0.168339
vn 0.676765 0.240751 0.695721
vn 0.709915 0.087769 0.698798
vn 0.953899 0.229020 0.193977
vn 0.751361 0.248719 0.611225
vn 0.933958 0.310188 0.177499
vn -0.838303 -0.505747 -0.203639
vn -0.626419 -0.651878 -0.427381
vn 0.729260 0.143011 -0.669125
vn 0.090548 -0.065596 -0.993729
vn 0.698713 0.702726 0.134075
vn 0.534037 0.554895 0.637884
vn 0.559885 0.441267 0.701293
vn 0.823979 0.548619 0.141692
vn -0.356706 -0.154613 0.921334
vn -0.647269 -0.287059 0.706145
vn 0.955792 0.070972 0.285349
vn 0.707628 -0.046191 0.705074
vn 0.667936 -0.117903 0.734820
vn 0.949169 -0.135915 0.283910
vn 0.111680 -0.096310 -0.989066
vn 0.702636 0.038808 -0.710490
vn 0.700679 -0.132915 -0.700987
vn 0.190619 -0.471531 -0.861001
vn -0.255503 -0.352957 0.900078
vn -0.525300 -0.419691 0.740216
vn 0.033201 -0.990872 -0.130654
vn 0.087408 -0.549778 -0.830725
vn 0.139525 -0.580577 -0.802161
vn 0.117279 -0.985495 -0.122661
vn 0.207590 0.157573 0.965441
vn 0.033915 -0.318757 0.947230
vn 0.041147 0.115551 0.992449
vn 0.000006 0.579791 -0.814765
vn 0.000005 0.259428 -0.965762
vn 0.552490 0.280822 -0.784789
vn -0.000000 0.602115 -0.798410
vn -0.000000 0.245136 -0.969489
vn 0.000000 -0.899570 -0.436777
vn 0.038844 -0.928473 -0.369363
vn -0.000000 -0.999864 -0.016468
vn -0.309363 -0.421858 -0.852250
vn 0.000000 0.255547 -0.966797
vn 0.127455 0.567337 -0.813563
vn -0.000000 0.528523 -0.848919
vn 0.614283 0.460243 0.640962
vn 0.273646 0.523819 0.806679
vn 0.376588 -0.329349 0.865858
vn 0.751830 -0.282724 0.595667
vn 0.223256 0.652964 0.723736
vn 0.426001 -0.362080 0.829109
vn 0.128929 0.260237 -0.956898
vn 0.491369 0.139971 0.859631
vn 0.334375 0.344369 0.877271
vn 0.147206 0.758702 0.634588
vn -0.869334 -0.384330 0.310724
vn -0.000001 -0.990873 0.134800
vn 0.000000 -0.393866 0.919168
vn 0.264900 0.548322 0.793203
vn 0.413522 0.655692 0.631718
vn 0.395651 0.913019 0.099280
vn 0.895787 0.374584 0.239276
vn 0.504294 0.296823 0.810915
vn -0.194200 -0.628973 0.752781
vn 0.126019 -0.978105 0.165619
vn -0.290262 -0.948636 0.125846
vn -0.644140 -0.566981 0.513437
vn -0.000016 0.311386 0.950284
vn 0.000002 -0.999246 -0.038829
vn 0.971102 0.103466 -0.215071
vn 0.969889 -0.069317 -0.233474
vn 0.820766 0.543041 -0.177341
vn 0.927788 0.332215 -0.169834
vn 0.683661 0.712030 -0.160067
vn -0.940864 -0.230531 0.248254
vn 0.951491 -0.255461 -0.171475
vn 0.913550 0.339557 -0.223893
vn 0.954700 0.236789 -0.180218
vn 0.904621 -0.414807 -0.097955
vn 0.495772 -0.856019 -0.146429
vn 0.041059 -0.311932 0.949217
vn 0.056345 -0.879191 0.473127
vn 0.108414 -0.899327 0.423625
vn 0.097690 -0.404311 0.909390
vn -0.004429 0.767462 -0.641079
vn 0.214817 0.975259 -0.052194
vn 0.029228 0.998835 -0.038399
vn -0.111517 0.826781 -0.551359
vn 0.149068 0.859874 0.488258
vn 0.095660 0.993900 -0.054887
vn -0.916058 -0.341348 0.210521
vn -0.850471 -0.475415 0.225121
vn -0.200771 -0.434254 -0.878132
vn 0.356678 -0.931026 0.077274
vn 0.016120 -0.986895 -0.160555
vn 0.017364 -0.995020 0.098148
vn 0.204396 -0.098278 -0.973942
vn 0.054619 -0.217000 -0.974643
vn 0.000000 0.203354 -0.979105
vn 0.000000 -0.250090 -0.968223
vn 0.144475 -0.244779 0.958754
vn 0.064981 -0.340218 0.938099
vn -0.308336 -0.185066 -0.933102
vn 0.112683 0.031405 0.993135
vn -0.412613 -0.222396 -0.883340
vn -0.375307 -0.181083 -0.909040
vn 0.148983 -0.123379 0.981112
vn 0.894770 0.363161 -0.259811
vn 0.090823 0.136375 -0.986485
vn 0.150991 0.099466 -0.983518
vn 0.151206 -0.986110 -0.068730
vn -0.277149 -0.959010 -0.059063
vn 0.082912 0.886324 0.455583
vn -0.221503 0.400305 0.889209
vn -0.595698 0.456369 0.660962
vn -0.108444 0.944224 0.310935
vn 0.112224 0.752023 -0.649513
vn 0.115431 0.992632 -0.036841
vn 0.196898 0.979009 -0.052656
vn 0.194840 0.731689 -0.653198
vn 0.075685 0.372010 0.925138
vn 0.152484 0.336911 0.929107
vn 0.104824 0.845744 0.523192
vn 0.197001 0.837831 0.509146
vn 0.161943 0.446780 0.879865
vn 0.166571 0.855948 0.489496
vn -0.065466 0.743017 -0.666063
vn -0.061802 0.171365 -0.983267
vn 0.039894 0.200250 -0.978932
vn 0.066040 0.705626 -0.705500
vn 0.233891 -0.208928 0.949549
vn 0.144235 -0.249814 0.957491
vn 0.183370 0.374214 0.909032
vn 0.211715 -0.516929 -0.829434
vn 0.191159 -0.979852 -0.057872
vn -0.095404 -0.840582 0.533217
vn -0.091642 -0.281035 0.955312
vn 0.039633 -0.264289 0.963629
vn -0.004851 -0.898886 0.438156
vn 0.185037 0.173815 -0.967238
vn 0.134052 0.151103 -0.979387
vn 0.115732 -0.584058 -0.803419
vn 0.157428 0.986163 -0.051954
vn -0.110387 0.859840 0.498487
vn -0.066095 0.997320 -0.031386
vn 0.063639 0.997730 -0.022016
vn 0.045787 0.867910 0.494607
vn 0.186290 0.684970 -0.704353
vn 0.199699 0.979009 -0.040771
vn 0.183464 0.665509 -0.723490
vn 0.204321 0.841841 0.499557
vn -0.127372 0.356206 0.925685
vn 0.043032 0.382265 0.923050
vn 0.206814 -0.867777 0.451874
vn -0.109871 -0.986271 -0.123278
vn -0.018653 -0.994011 -0.107681
vn 0.082483 -0.888356 0.451686
vn 0.091960 -0.994512 -0.049892
vn -0.074141 -0.510774 -0.856512
vn 0.018183 -0.544697 -0.838436
vn -0.321246 -0.936788 0.138673
vn -0.183714 -0.810056 0.556829
vn -0.234460 -0.553611 -0.799089
vn -0.329192 -0.942384 -0.059545
vn -0.087944 0.800662 -0.592626
vn -0.108061 0.070842 -0.991617
vn 0.518157 0.713000 -0.472383
vn 0.392780 0.322347 0.861288
vn 0.699522 0.045829 0.713140
vn 0.399334 0.552193 -0.731857
vn -0.077929 0.995867 -0.046640
vn -0.003925 0.709542 0.704652
vn -0.087205 0.961162 0.261845
vn -0.497098 -0.567755 0.656161
vn -0.164279 0.393211 0.904653
vn -0.142325 -0.342030 -0.928848
vn -0.151783 -0.758579 0.633656
vn -0.174226 -0.224971 -0.958662
vn 0.069840 -0.878371 0.472850
vn 0.636584 0.199253 0.745023
vn 0.663782 -0.316784 0.677526
vn 0.972512 0.232146 0.018136
vn 0.770110 0.636953 -0.034943
vn 0.766435 0.601791 0.224555
vn 0.546353 -0.826441 0.135993
vn 0.559070 -0.826769 -0.062410
vn 0.743645 0.482810 -0.462479
vn 0.090589 0.401535 0.911353
vn 0.011228 0.962292 0.271788
vn 0.643273 0.051457 -0.763906
vn 0.594743 -0.480454 -0.644551
vn -0.005312 -0.608164 -0.793793
vn -0.072709 -0.994880 -0.070192
vn -0.070215 -0.985093 0.157039
vn 0.054146 -0.493193 0.868233
vn -0.029568 0.998044 -0.055073
vn 0.025155 0.786853 -0.616627
vn 0.065062 0.039910 -0.997083
vn 0.000000 -0.098639 -0.995123
vn -0.000000 -0.361414 -0.932405
vn 0.000000 -0.182466 -0.983212
vn -0.422092 -0.884822 -0.197300
vn 0.664849 -0.719381 0.201166
vn 0.492017 -0.489331 0.720052
vn 0.262459 -0.408260 0.874322
vn 0.901377 -0.431243 -0.039351
vn 0.750360 -0.659861 0.039293
vn 0.614020 -0.501426 -0.609551
vn 0.696742 -0.302188 -0.650564
vn -0.309331 0.035331 -0.950298
vn -0.172591 -0.046871 -0.983878
vn -0.747882 0.239270 -0.619211
vn -0.645956 0.481411 -0.592440
vn 0.358784 -0.111751 0.926707
vn 0.294913 -0.243853 0.923884
vn 0.631916 -0.293402 0.717354
vn 0.702579 -0.165806 0.692019
vn 0.948349 -0.245023 -0.201488
vn 0.925737 -0.335381 -0.174732
vn 0.716317 -0.259480 -0.647735
vn 0.752303 -0.236056 -0.615076
vn -0.237200 0.050840 0.970130
vn -0.170519 0.175514 0.969597
vn -0.035489 0.661935 0.748721
vn -0.049662 -0.703521 0.708937
vn -0.079879 -0.893807 0.441281
vn -0.090600 -0.114297 0.989307
vn -0.133383 -0.321752 0.937382
vn -0.016785 -0.312186 0.949873
vn 0.020500 0.486778 0.873285
vn -0.130893 0.242113 -0.961378
vn -0.161676 -0.070170 -0.984346
vn -0.350206 -0.246363 -0.903693
vn -0.227911 0.216326 -0.949347
vn -0.186753 -0.372923 -0.908874
vn -0.616643 -0.413426 -0.669948
vn -0.183892 -0.223464 -0.957208
vn -0.234889 0.271298 -0.933394
vn -0.574059 0.331266 -0.748812
vn -0.600220 -0.289964 -0.745424
vn -0.304606 0.664793 -0.682104
vn -0.342716 0.416387 -0.842121
vn -0.531889 0.703481 -0.471390
vn -0.418099 0.884453 -0.207212
vn -0.175696 0.681050 -0.710846
vn -0.095633 0.993902 -0.054893
vn -0.562417 -0.739141 0.370618
vn -0.906717 -0.384091 0.174180
vn -0.895808 -0.280740 0.344547
vn -0.674978 -0.025347 0.737402
vn -0.955494 -0.233433 0.180391
vn -0.805756 -0.283481 0.519996
vn -0.930342 0.325417 0.169020
vn -0.953735 0.229143 0.194635
vn -0.709550 0.088004 0.699138
vn -0.676183 0.240818 0.696264
vn -0.934009 0.309877 0.177775
vn -0.751523 0.248698 0.611034
vn 0.838471 -0.505403 -0.203801
vn 0.811427 -0.223032 -0.540225
vn -0.090522 -0.065504 -0.993738
vn -0.728958 0.143314 -0.669388
vn -0.698409 0.703032 0.134053
vn -0.823827 0.548797 0.141882
vn -0.560068 0.441279 0.701139
vn -0.534008 0.555332 0.637527
vn 0.355711 -0.156296 0.921434
vn 0.645549 -0.288949 0.706947
vn -0.955720 0.070421 0.285728
vn -0.948942 -0.136224 0.284521
vn -0.668060 -0.118155 0.734667
vn -0.707600 -0.046514 0.705081
vn -0.111867 -0.096319 -0.989044
vn -0.190326 -0.471935 -0.860844
vn -0.700589 -0.132877 -0.701084
vn -0.702557 0.038752 -0.710571
vn 0.255538 -0.352899 0.900090
vn 0.525216 -0.419561 0.740349
vn -0.029466 -0.991008 -0.130521
vn -0.094554 -0.987724 -0.124343
vn -0.119617 -0.574202 -0.809928
vn -0.075702 -0.553114 -0.829659
vn -0.041154 0.115182 0.992492
vn -0.034824 -0.318039 0.947438
vn -0.205761 0.156225 0.966052
vn -0.376450 0.689969 -0.618246
vn -0.552759 0.280655 -0.784659
vn -0.099229 0.618510 -0.779487
vn -0.036925 -0.999291 -0.007312
vn -0.038859 -0.928444 -0.369435
vn 0.309445 -0.421775 -0.852262
vn -0.127470 0.567363 -0.813542
vn -0.614171 0.460446 0.640924
vn -0.752266 -0.282422 0.595260
vn -0.376780 -0.329290 0.865797
vn -0.273642 0.523838 0.806669
vn -0.223274 0.652948 0.723746
vn -0.426233 -0.362209 0.828933
vn -0.128868 0.260269 -0.956898
vn -0.490856 0.139906 0.859934
vn -0.331036 0.341811 0.879534
vn -0.147248 0.758643 0.634648
vn 0.869491 -0.383908 0.310806
vn -0.264900 0.548219 0.793274
vn -0.413581 0.655732 0.631637
vn -0.504332 0.296894 0.810866
vn -0.895939 0.374406 0.238983
vn -0.395891 0.912919 0.099242
vn -0.969925 -0.069020 -0.233412
vn -0.971140 0.102952 -0.215147
vn -0.927547 0.332579 -0.170433
vn -0.820709 0.543092 -0.177448
vn -0.683443 0.712291 -0.159835
vn 0.940797 -0.230738 0.248316
vn -0.913711 0.339230 -0.223732
vn -0.951473 -0.255576 -0.171404
vn -0.954578 0.236854 -0.180780
vn -0.904938 -0.414140 -0.097853
vn -0.495909 -0.855997 -0.146090
vn -0.035880 -0.319040 0.947062
vn -0.086188 -0.393146 0.915428
vn -0.086537 -0.893784 0.440070
vn -0.048162 -0.881492 0.469736
vn -0.149081 0.859934 0.488149
vn 0.916011 -0.341412 0.210624
vn 0.850662 -0.475266 0.224714
vn 0.200821 -0.433953 -0.878269
vn -0.356571 -0.931072 0.077215
vn -0.017407 -0.995036 0.097977
vn -0.016123 -0.986898 -0.160535
vn -0.054637 -0.216933 -0.974656
vn -0.204247 -0.098288 -0.973973
vn -0.065082 -0.340060 0.938149
vn -0.144530 -0.244736 0.958757
vn 0.308133 -0.184991 -0.933184
vn -0.112683 0.031406 0.993134
vn 0.375172 -0.181150 -0.909082
vn 0.412638 -0.222441 -0.883317
vn -0.149054 -0.123302 0.981111
vn -0.894851 0.362775 -0.260070
vn -0.134198 0.101125 -0.985781
vn -0.078928 0.133604 -0.987887
vn -0.098951 0.752773 -0.650801
vn -0.165781 0.734682 -0.657844
vn -0.162684 0.985279 -0.052531
vn -0.100908 0.994148 -0.038560
vn -0.065723 0.371918 0.925936
vn -0.135690 0.334456 0.932592
vn -0.091779 0.847147 0.523372
vn -0.165757 0.840354 0.516072
vn -0.163628 0.856264 0.489936
vn -0.158443 0.446017 0.880888
vn 0.061720 0.170845 -0.983363
vn 0.065328 0.743329 -0.665729
vn -0.064689 0.704775 -0.706475
vn -0.038170 0.200076 -0.979037
vn -0.176196 0.373369 0.910797
vn -0.138567 -0.250738 0.958086
vn -0.228662 -0.208128 0.950998
vn -0.186773 -0.980683 -0.058113
vn -0.207462 -0.517246 -0.830311
vn 0.091498 -0.279900 0.955659
vn 0.095484 -0.840077 0.533998
vn 0.005407 -0.899028 0.437857
vn -0.038042 -0.265174 0.963450
vn -0.110959 -0.585362 -0.803143
vn -0.128809 0.149688 -0.980307
vn -0.181825 0.173629 -0.967881
vn -0.154388 0.986643 -0.051953
vn 0.065913 0.997332 -0.031378
vn 0.110093 0.859844 0.498546
vn -0.045223 0.867714 0.495002
vn -0.063700 0.997711 -0.022688
vn -0.183182 0.685089 -0.705051
vn -0.176515 0.665985 -0.724780
vn -0.192088 0.980528 -0.040839
vn -0.196462 0.842552 0.501507
vn 0.127113 0.356339 0.925670
vn -0.041362 0.382406 0.923068
vn -0.201565 -0.868141 0.453545
vn 0.109892 -0.986105 -0.124580
vn 0.018786 -0.994075 -0.107060
vn -0.079109 -0.888092 0.452808
vn -0.088211 -0.994878 -0.049365
vn 0.074042 -0.510995 -0.856389
vn -0.017625 -0.544266 -0.838727
vn 0.996940 0.069429 0.035914
vn 0.979093 -0.201121 -0.030458
vn 0.883339 -0.122407 0.452470
vn 0.868189 0.350624 0.351156
vn -0.598505 0.755194 0.267346
vn -0.735062 0.274874 0.619780
vn -0.924884 0.239254 0.295546
vn -0.791078 0.598057 0.128543
vn -0.986746 0.160689 -0.022607
vn -0.935566 0.340116 -0.095066
vn 0.510153 -0.009433 0.860032
vn 0.809043 0.438925 0.390889
vn 0.357555 0.808620 0.467214
vn 0.393089 0.812217 0.431028
vn 0.138818 0.898276 0.416930
vn 0.108186 0.895285 0.432159
vn -0.187417 0.910903 0.367601
vn -0.056164 0.905442 0.420738
vn -0.903616 0.156388 -0.398774
vn -0.929333 0.249848 -0.271875
vn -0.722326 0.260510 -0.640609
vn -0.627657 0.147045 -0.764476
vn -0.104807 0.096020 -0.989846
vn -0.136506 0.301493 -0.943646
vn 0.454009 0.227201 -0.861543
vn 0.371960 -0.004110 -0.928240
vn 0.804185 -0.133875 -0.579107
vn 0.915245 0.044051 -0.400483
vn -0.938079 -0.024836 -0.345531
vn -0.934160 0.102893 -0.341699
vn -0.724370 0.131533 -0.676748
vn -0.734845 -0.027654 -0.677671
vn 0.919846 -0.230937 -0.317099
vn 0.916170 -0.027160 -0.399869
vn 0.995309 -0.093373 -0.025325
vn 0.968917 -0.247384 0.000508
vn -0.099746 -0.057528 -0.993349
vn -0.108880 0.167976 -0.979760
vn 0.485316 0.113444 -0.866948
vn 0.532322 -0.131022 -0.836341
vn -0.992752 -0.027221 -0.117056
vn -0.984107 0.138944 -0.110581
vn 0.433381 -0.000495 0.901211
vn 0.336208 0.575255 0.745685
vn -0.174191 0.518237 0.837310
vn -0.223502 -0.006119 0.974684
vn -0.776269 0.381528 0.501840
vn -0.851506 -0.023159 0.523833
vn 0.936287 -0.044416 0.348417
vn 0.930384 0.111448 0.349235
vn 0.742191 0.350935 0.570961
vn 0.836232 -0.002112 0.548371
vn 0.967813 -0.165019 0.190017
vn 0.976441 -0.047739 0.210437
vn -0.992095 -0.030356 0.121761
vn -0.942996 0.293543 0.156813
vn 0.049603 0.986314 -0.157243
vn -0.193703 -0.123146 0.973301
vn -0.736128 0.676662 0.015617
vn -0.192015 0.864570 0.464380
vn -0.093492 0.930626 0.353830
vn 0.011215 0.853433 0.521081
vn 0.028558 0.912466 0.408156
vn 0.166540 0.883434 0.437959
vn 0.617005 0.690089 0.378262
vn 0.257610 0.795449 0.548541
vn 0.383913 -0.040990 -0.922459
vn 0.341767 -0.037114 -0.939052
vn 0.846297 -0.140657 -0.513807
vn 0.819560 -0.149290 -0.553204
vn -0.083638 0.045946 -0.995436
vn -0.139071 0.043014 -0.989348
vn 0.975263 -0.150368 0.162027
vn 0.975633 -0.205259 0.077517
vn -0.877943 0.101079 -0.467974
vn -0.885352 0.101356 -0.453738
vn -0.617031 0.089925 -0.781784
vn -0.579655 0.096920 -0.809078
vn 0.805922 -0.150821 0.572488
vn 0.836186 -0.211811 0.505894
vn -0.660206 -0.039682 0.750036
vn -0.680334 -0.020311 0.732621
vn -0.904206 0.032372 0.425868
vn -0.917208 0.028684 0.397375
vn -0.995564 0.082714 -0.044846
vn -0.996290 0.075084 -0.042047
vn 0.319532 -0.157021 0.934475
vn 0.421655 -0.206924 0.882830
vn 0.199280 0.949880 -0.240864
vn 0.188368 0.955827 -0.225639
vn 0.306968 0.886537 -0.346153
vn 0.314858 0.881659 -0.351484
vn 0.795278 0.605910 0.020153
vn 0.821082 0.570240 0.025504
vn 0.855697 0.467768 0.221303
vn 0.845908 0.472038 0.248233
vn -0.242650 -0.127625 0.961682
vn -0.343480 -0.084848 0.935320
vn 0.098788 0.991606 -0.083418
vn 0.097918 0.991940 -0.080422
vn 0.165721 0.986168 0.002978
vn 0.147556 0.988963 -0.013357
vn 0.085974 0.994219 -0.064328
vn 0.085934 0.994216 -0.064421
vn 0.431888 0.836655 -0.336868
vn 0.422258 0.834803 -0.353272
vn 0.526963 0.822386 -0.214455
vn 0.528739 0.821813 -0.212270
vn 0.373225 0.843668 -0.385911
vn 0.378832 0.840021 -0.388396
vn 0.641566 0.676392 0.361783
vn 0.721586 0.586205 0.368345
vn 0.351064 0.916978 0.189490
vn 0.381040 0.897418 0.222371
vn 0.000000 -1.000000 0.000000
vn 0.000000 -1.000000 0.000000
vn 0.000000 -1.000000 0.000000
vn 0.000000 -1.000000 0.000000
vn 0.000000 -1.000000 0.000000
vn 0.000000 -1.000000 0.000000
vn 0.000000 -1.000000 0.000000
vn 0.000000 -1.000000 0.000000
vn 0.000000 -1.000000 0.000000
vn 0.000000 -1.000000 0.000000
vn 0.000000 -1.000000 0.000000
vn 0.000000 -1.000000 0.000000
vn 0.000000 -1.000000 0.000000
vn 0.000000 -1.000000 0.000000
vn 0.000000 -1.000000 0.000000
vn 0.034190 0.049542 -0.998187
vn 0.111004 0.020760 -0.993603
vn 0.117054 -0.016525 -0.992988
vn 0.030498 0.015906 -0.999408
vn -0.037832 0.076142 -0.996379
vn -0.059543 0.049395 -0.997003
vn -0.029082 0.086880 -0.995794
vn 0.027587 0.067689 -0.997325
vn 0.107811 0.040048 -0.993365
vn -0.041362 -0.040619 0.998318
vn 0.002592 0.118158 0.992992
vn -0.108837 0.144166 0.983550
vn -0.137679 -0.007289 0.990450
vn 0.048221 -0.072807 0.996180
vn 0.122088 0.088526 0.988564
vn 0.022408 -0.127886 0.991536
vn -0.049595 -0.106460 0.993079
vn -0.149618 -0.075551 0.985853
vn 0.105330 0.992527 0.061613
vn 0.105330 0.992527 0.061613
vn 0.284823 0.955989 0.070438
vn 0.289924 0.954438 0.070661
vn 0.474413 0.876884 0.077505
vn 0.474413 0.876884 0.077505
vn -0.854045 -0.510074 -0.102141
vn -0.854045 -0.510073 -0.102141
vn -0.978360 -0.197538 -0.061574
vn -0.979725 -0.190941 -0.060675
vn -0.998830 -0.016898 -0.045312
vn -0.998777 -0.019692 -0.045352
vn 0.688819 -0.724792 0.014324
vn 0.677403 -0.735513 0.012084
vn 0.160916 -0.984589 -0.068486
vn 0.160916 -0.984589 -0.068486
vn -0.973856 0.223531 -0.040469
vn -0.973856 0.223531 -0.040469
vn 0.827207 -0.560847 0.034342
vn 0.832931 -0.552302 0.034463
vn 0.983846 -0.175312 0.036233
vn 0.983846 -0.175312 0.036233
vn -0.075730 0.997128 0.000368
vn -0.075730 0.997128 0.000368
vn -0.075730 0.997128 0.000368
vn -0.075730 0.997128 0.000368
vn 0.001806 0.020497 0.999788
vn 0.017618 0.054567 0.998355
vn 0.042344 0.107801 0.993270
vn -0.052628 0.194860 -0.979418
vn -0.062113 0.174248 -0.982741
vn -0.050556 0.199342 -0.978625
vn -0.050556 0.199342 -0.978625
vn 0.004728 -0.999989 0.000000
vn 0.004728 -0.999989 0.000000
vn 0.004728 -0.999989 0.000000
vn 0.004728 -0.999989 0.000000
vn 0.584832 -0.811154 0.000000
vn 0.584832 -0.811154 0.000000
vn 0.584832 -0.811154 0.000000
vn 0.584832 -0.811154 0.000000
vn 0.637568 0.770394 0.000000
vn 0.637568 0.770394 0.000000
vn 0.637568 0.770394 0.000000
vn 0.637568 0.770394 0.000000
vn -0.125590 0.992082 0.000461
vn -0.125590 0.992082 0.000461
vn -0.125590 0.992082 0.000461
vn -0.125590 0.992082 0.000461
vn -0.999602 -0.027669 0.005466
vn -0.999510 -0.031306 0.000000
vn -0.999639 -0.026871 0.000000
vn -0.999679 -0.025199 0.002737
vn -0.999737 -0.020539 0.010169
vn -0.999816 -0.017076 0.008715
vn -0.999694 -0.024353 0.004243
vn -0.999794 -0.019685 0.004999
vn -0.070017 0.997360 -0.019258
vn -0.070017 0.997360 -0.019258
vn -0.061883 0.997784 -0.024468
vn -0.064895 0.997638 -0.022540
vn 0.000000 -1.000000 0.000000
vn 0.000000 -1.000000 0.000000
vn 0.000000 -1.000000 0.000000
vn 0.000000 -1.000000 0.000000
vn -0.088768 0.195526 -0.976673
vn -0.088768 0.195526 -0.976673
vn -0.088768 0.195526 -0.976673
vn -0.088768 0.195526 -0.976673
vn -0.079898 0.144863 0.986221
vn -0.079898 0.144863 0.986221
vn -0.079898 0.144863 0.986221
vn -0.079898 0.144863 0.986221
vn -0.999134 -0.041577 -0.001909
vn -0.998994 -0.044766 0.002565
vn -0.999128 -0.041740 0.000947
vn -0.999176 -0.040582 -0.000728
vn -0.998656 -0.051793 0.002168
vn -0.998639 -0.052060 0.003225
vn -0.998434 -0.055460 0.007378
vn -0.998482 -0.054648 0.006871
vn -0.097746 0.317748 0.943123
vn -0.097746 0.317748 0.943123
vn -0.168980 0.310491 0.935436
vn -0.167832 0.310621 0.935600
vn -0.031526 0.403264 -0.914540
vn -0.031526 0.403264 -0.914541
vn -0.023921 0.402711 -0.915015
vn -0.027134 0.402947 -0.914821
vn 0.067506 -0.997453 0.023018
vn 0.067506 -0.997453 0.023018
vn 0.063194 -0.997658 0.026196
vn 0.060147 -0.997784 0.028440
vn -0.297799 0.292915 0.908580
vn -0.297799 0.292915 0.908580
vn -0.995037 -0.099504 0.000000
vn -0.995037 -0.099504 0.000000
vn -0.995037 -0.099504 0.000000
vn -0.995037 -0.099504 0.000000
vn -0.013378 0.401906 -0.915583
vn -0.013378 0.401906 -0.915583
vn 0.036905 -0.998281 0.045522
vn 0.036905 -0.998281 0.045522
vn -0.033046 0.998533 -0.042891
vn -0.033046 0.998533 -0.042891
vn 1.000000 0.000000 0.000000
vn 1.000000 0.000000 0.000000
vn 1.000000 0.000000 0.000000
vn 0.110563 0.379042 0.918751
vn 0.110563 0.379042 0.918751
vn 0.110563 0.379042 0.918751
vn 0.110563 0.379042 0.918751
vn -0.994303 0.097417 -0.043271
vn -0.997575 0.063602 -0.028251
vn -0.994303 0.097417 -0.043271
vn -0.994303 0.097417 -0.043271
vn 0.000000 0.000000 0.000000
vn 0.000000 0.000000 0.000000
vn 0.000000 0.000000 0.000000
vn 0.000000 1.000000 0.000000
vn 0.000000 1.000000 0.000000
vn 0.000000 1.000000 0.000000
vn 0.000000 1.000000 0.000000
vn 0.000000 -1.000000 0.000000
vn 0.000000 -1.000000 0.000000
vn 0.000000 -1.000000 0.000000
vn 0.000000 -1.000000 0.000000
vn 1.000000 0.000000 0.000000
vn 1.000000 0.000000 0.000000
vn -1.000000 0.000000 0.000000
vn -0.997147 0.068957 0.030719
vn -0.997578 0.063533 0.028302
vn -0.085036 -0.351580 -0.932288
vn -0.085036 -0.351580 -0.932288
vn -0.085036 -0.351580 -0.932288
vn 0.371744 -0.928335 0.000000
vn 0.371744 -0.928335 0.000000
vn 0.371744 -0.928335 0.000000
vn 0.371744 -0.928335 0.000000
vn 1.000000 0.000000 0.000000
vn 0.110530 0.378989 -0.918777
vn 0.110530 0.378989 -0.918777
vn 0.110530 0.378989 -0.918777
vn 0.110530 0.378989 -0.918777
vn -0.994302 0.097372 0.043377
vn -0.994302 0.097372 0.043377
vn -0.085075 -0.351761 0.932216
vn -0.085075 -0.351761 0.932216
vn -0.085075 -0.351761 0.932216
vn 0.371744 -0.928335 0.000000
vn 0.371744 -0.928335 0.000000
vn 0.371744 -0.928335 0.000000
vn 0.371744 -0.928335 0.000000
vn 0.842271 0.524032 0.126374
vn 0.843596 0.400719 0.357450
vn 0.986477 0.123695 0.107534
vn 0.986351 0.160405 0.037170
vn 0.785024 -0.567936 0.247359
vn 0.770563 -0.626322 -0.118122
vn 0.901318 -0.420300 -0.104753
vn 0.957683 -0.283383 0.050370
vn -0.000001 -0.039121 0.999234
vn 0.289932 -0.033031 0.956477
vn 0.286654 0.219827 0.932473
vn -0.000001 0.233615 0.972329
vn 0.834707 0.550300 -0.020841
vn 0.985593 0.169015 -0.006267
vn 0.792243 0.113013 0.599649
vn 0.982315 0.037599 0.183423
vn 0.753156 -0.545236 -0.368069
vn 0.767212 -0.329997 -0.549989
vn 0.969900 -0.150170 -0.191683
vn 0.937408 -0.300668 -0.175683
vn 0.999951 -0.007026 0.007029
vn 0.823955 0.466204 -0.322105
vn 0.828022 0.531853 -0.177516
vn 0.984911 0.164448 -0.053923
vn 0.984925 0.143501 -0.096593
vn 0.541183 -0.669220 -0.509181
vn 0.544438 -0.382778 -0.746370
vn 0.786176 0.024163 -0.617531
vn 0.983651 0.011116 -0.179744
vn -0.000001 0.417741 -0.908566
vn 0.284673 0.398986 -0.871649
vn 0.275206 0.060800 -0.959461
vn -0.000001 0.062808 -0.998026
vn 0.000000 -0.927428 -0.374002
vn -0.000001 -0.789147 -0.614204
vn 0.246295 -0.764293 -0.595982
vn 0.291518 -0.891835 -0.345902
vn 0.983924 0.074099 -0.162493
vn 0.984750 -0.098659 0.143294
vn 0.593997 -0.031011 0.803869
vn 0.605440 0.182210 0.774753
vn 0.596833 -0.793876 -0.116411
vn 0.578684 -0.767351 -0.276219
vn 0.762376 -0.606409 -0.225944
vn 0.805846 -0.265536 0.529248
vn 0.983368 -0.005304 0.181549
vn 0.364067 -0.913984 -0.179133
vn -0.000007 -0.984589 -0.174886
vn 0.927128 -0.352007 -0.128548
vn 0.661548 0.727516 0.181864
vn 0.660172 0.568855 0.490487
vn 0.467090 0.856307 0.220376
vn 0.347039 0.626136 0.698225
vn 0.635803 -0.668057 0.386594
vn 0.491753 -0.731614 0.472145
vn -0.000008 -0.824020 0.566561
vn 0.789327 -0.025337 0.613450
vn 0.649958 0.759560 -0.024976
vn 0.452361 0.891425 -0.027051
vn -0.000002 0.568087 0.822969
vn 0.634902 0.637581 -0.436338
vn 0.640013 0.730419 -0.238476
vn 0.360112 0.716936 -0.596927
vn 0.444747 0.850985 -0.279327
vn 0.802281 0.239699 -0.546708
vn 0.258857 -0.439866 -0.859948
vn -0.000001 -0.455307 -0.890334
vn 0.580602 0.056607 -0.812217
vn 0.619609 -0.322996 0.715373
vn 0.359584 -0.351102 0.864539
vn -0.000001 -0.444971 0.895545
vn 0.603605 0.336748 -0.722677
vn -0.000000 0.663710 -0.747990
vn -0.841774 0.524784 0.126563
vn -0.986254 0.160973 0.037289
vn -0.986370 0.124176 0.107956
vn -0.843120 0.401279 0.357944
vn -0.784583 -0.568362 0.247779
vn -0.957675 -0.283689 0.048788
vn -0.901910 -0.419329 -0.103547
vn -0.769895 -0.627134 -0.118171
vn -0.286790 0.219822 0.932432
vn -0.290086 -0.033027 0.956431
vn -0.834186 0.551089 -0.020863
vn -0.985495 0.169589 -0.006296
vn -0.982166 0.037725 0.184191
vn -0.791691 0.113174 0.600347
vn -0.751282 -0.547011 -0.369261
vn -0.944756 -0.284002 -0.163645
vn -0.972615 -0.137404 -0.187459
vn -0.763417 -0.327214 -0.556889
vn -0.999950 -0.007093 0.007089
vn -0.823422 0.466842 -0.322545
vn -0.984816 0.144019 -0.096934
vn -0.984804 0.165026 -0.054113
vn -0.827492 0.532595 -0.177760
vn -0.537037 -0.671265 -0.510876
vn -0.542223 -0.382296 -0.748228
vn -0.983528 0.011148 -0.180410
vn -0.785580 0.024210 -0.618286
vn -0.275355 0.060798 -0.959418
vn -0.284820 0.398967 -0.871610
vn -0.291682 -0.891780 -0.345905
vn -0.246435 -0.764265 -0.595961
vn -0.983799 0.074373 -0.163123
vn -0.984735 -0.099365 0.142911
vn -0.605714 0.182178 0.774546
vn -0.594187 -0.031010 0.803729
vn -0.596880 -0.793840 -0.116414
vn -0.759155 -0.612219 -0.221069
vn -0.576017 -0.769796 -0.274988
vn -0.805369 -0.265783 0.529849
vn -0.983251 -0.005307 0.182179
vn -0.364209 -0.913920 -0.179171
vn -0.931084 -0.345001 -0.118565
vn -0.661746 0.727346 0.181824
vn -0.660405 0.568704 0.490347
vn -0.467909 0.855885 0.220279
vn -0.347311 0.625948 0.698258
vn -0.635957 -0.667893 0.386623
vn -0.491958 -0.731506 0.472098
vn -0.788714 -0.025378 0.614236
vn -0.650151 0.759394 -0.024965
vn -0.453168 0.891016 -0.027029
vn -0.635106 0.637444 -0.436240
vn -0.640214 0.730262 -0.238420
vn -0.360499 0.716728 -0.596943
vn -0.445547 0.850609 -0.279201
vn -0.801724 0.240013 -0.547386
vn -0.258996 -0.439849 -0.859915
vn -0.580816 0.056608 -0.812064
vn -0.619817 -0.322872 0.715248
vn -0.359733 -0.351039 0.864502
vn -0.603845 0.336682 -0.722507
vn -0.041883 0.349913 -0.935846
vn 0.302110 0.407881 -0.861605
vn 0.303145 0.059544 -0.951082
vn 0.030884 0.040687 -0.998695
vn 0.754982 0.639803 0.143715
vn 0.757039 0.599095 0.260725
vn 0.947664 0.318991 -0.013293
vn 0.949017 0.299271 0.099013
vn 0.351925 0.913941 0.202143
vn 0.301577 0.765259 0.568709
vn -0.190141 0.951421 0.242166
vn -0.133220 0.706653 0.694906
vn 0.733109 0.679828 -0.019622
vn 0.947413 0.319991 -0.003908
vn 0.361688 0.931863 -0.028517
vn -0.198563 0.979696 -0.027713
vn 0.814012 0.450352 0.366836
vn 0.977236 0.175487 -0.119226
vn 0.381170 0.562533 0.733666
vn -0.031735 0.338147 0.940558
vn -0.067713 0.056922 0.996080
vn 0.694107 0.594003 -0.406665
vn 0.714302 0.670244 -0.201360
vn 0.932634 0.346972 -0.099014
vn 0.921999 0.327820 -0.206037
vn 0.349981 0.791657 -0.500791
vn 0.347793 0.898095 -0.269194
vn -0.220134 0.802760 -0.554182
vn -0.216021 0.928585 -0.301770
vn 0.218217 -0.796331 -0.564126
vn 0.060507 -0.371264 -0.926554
vn 0.296328 -0.349036 -0.889024
vn 0.300066 -0.682270 -0.666685
vn 0.574670 0.067718 -0.815579
vn 0.554222 -0.214019 -0.804385
vn 0.595386 0.287953 -0.750066
vn 0.939287 0.118813 -0.321907
vn 0.940393 -0.178735 -0.289335
vn 0.331878 -0.737187 -0.588569
vn 0.406623 -0.861688 -0.303565
vn 0.485217 -0.864835 -0.128935
vn 0.368407 -0.921360 -0.123988
vn 0.564239 -0.825080 0.029627
vn 0.557816 -0.804988 0.202078
vn 0.633551 -0.523775 0.569449
vn 0.828142 -0.478345 0.292176
vn 0.829295 -0.542628 0.133510
vn 0.857948 -0.496033 0.133700
vn 0.399441 -0.812499 0.424609
vn 0.403692 -0.659443 0.634167
vn 0.635503 -0.745301 0.201652
vn 0.132022 -0.761942 -0.634046
vn -0.077947 -0.560549 -0.824445
vn -0.235608 0.145126 0.960951
vn -0.270336 -0.673003 -0.688466
vn -0.139794 -0.578682 -0.803483
vn -0.247975 -0.437922 -0.864137
vn -0.216232 0.406431 -0.887726
vn -0.209967 0.058652 -0.975948
vn -0.339694 0.089283 -0.936289
vn -0.376412 0.398249 -0.836488
vn -0.714440 0.676381 0.179120
vn -0.941354 0.320209 0.106389
vn -0.942155 0.245067 0.228663
vn -0.713809 0.574926 0.399920
vn -0.439904 0.871316 0.217470
vn -0.383328 0.748288 0.541410
vn -0.224210 0.945448 0.236344
vn -0.160971 0.743731 0.648809
vn -0.696727 0.717070 -0.019553
vn -0.940920 0.338629 -0.000393
vn -0.436499 0.899120 -0.032427
vn -0.214921 0.975997 -0.035210
vn -0.732989 0.352145 0.581997
vn -0.944955 0.174469 0.276806
vn -0.802648 -0.246929 0.542939
vn -0.692536 0.016951 0.721184
vn -0.340570 0.364655 0.866625
vn -0.373622 -0.054019 0.926007
vn -0.119714 0.243360 0.962520
vn -0.085564 -0.106708 0.990602
vn -0.624747 0.643149 -0.442777
vn -0.931865 0.303938 -0.198114
vn -0.934461 0.342706 -0.096618
vn -0.662597 0.714447 -0.224789
vn -0.413959 0.753674 -0.510503
vn -0.426214 0.860396 -0.279393
vn -0.218618 0.803607 -0.553553
vn -0.214948 0.927326 -0.306371
vn -0.232325 -0.671162 -0.703965
vn -0.384102 -0.692140 -0.611071
vn -0.374416 -0.342276 -0.861777
vn -0.189296 -0.364023 -0.911951
vn -0.535753 -0.208974 -0.818107
vn -0.572894 0.066807 -0.816903
vn -0.931460 -0.106510 -0.347905
vn -0.939419 0.123420 -0.319782
vn -0.565006 0.329485 -0.756444
vn -0.723407 -0.649275 -0.234787
vn -0.678154 -0.538090 -0.500567
vn -0.766390 -0.635838 -0.091413
vn -0.509826 -0.463471 -0.724756
vn 0.213183 -0.866874 0.450647
vn -0.843908 -0.529626 0.085533
vn -0.824550 -0.565468 0.019054
vn -0.855742 -0.512812 0.068778
vn -0.882096 -0.457151 0.113664
vn -0.858403 -0.480171 0.180500
vn -0.828474 -0.540036 0.148296
vn -0.826189 -0.542680 0.151363
vn -0.858259 -0.487457 0.160551
vn -0.875834 -0.453325 0.165562
vn -0.073815 -0.936773 0.342064
vn -0.504325 -0.857137 0.104751
vn -0.018165 -0.910196 0.413779
vn 0.412757 0.092490 0.906133
vn -0.668718 -0.321455 0.670435
vn -0.903967 -0.183222 0.386359
vn 0.376286 -0.137802 0.916198
vn -0.381026 -0.169883 -0.908823
vn -0.367776 0.082744 -0.926226
vn 0.333066 0.290179 0.897142
vn 0.793861 0.312540 0.521636
vn -0.405690 -0.434237 -0.804272
vn 0.725822 -0.083975 -0.682737
vn 0.141742 -0.471126 0.870603
vn 0.867047 -0.153540 -0.473979
vn -0.417337 -0.157793 0.894948
vn -0.743168 -0.116182 0.658941
vn -0.742888 -0.116236 0.659247
vn -0.417509 -0.157780 0.894870
vn -0.000000 -0.173638 0.984810
vn 0.000000 -0.173637 0.984810
vn 0.417526 -0.157778 0.894862
vn 0.417698 -0.157765 0.894784
vn 0.743287 -0.116159 0.658810
vn 0.743008 -0.116213 0.659116
vn 0.936900 -0.060710 0.344285
vn 0.936856 -0.060731 0.344401
vn 0.984309 -0.030652 0.173768
vn 0.984309 -0.030652 0.173768
vn -0.936900 -0.060710 0.344285
vn -0.984309 -0.030652 0.173768
vn -0.984309 -0.030652 0.173768
vn -0.936856 -0.060731 0.344401
vn 0.000001 -0.973376 -0.229215
vn -0.000003 -0.977697 -0.210020
vn -0.025122 -0.973659 -0.226623
vn -0.062962 0.984424 0.164152
vn -0.000003 0.990236 0.139399
vn -0.057358 0.986692 0.152149
vn -0.042850 -0.975697 -0.214895
vn -0.058490 -0.978873 -0.195924
vn -0.062955 -0.980467 -0.186334
vn 0.057339 0.986692 0.152158
vn 0.062937 0.984424 0.164157
vn 0.000000 0.174136 -0.984722
vn 0.000000 0.174136 -0.984722
vn 0.000000 0.174136 -0.984722
vn 0.000000 0.174136 -0.984722
vn 0.044915 0.989858 0.134776
vn 0.000000 0.174136 -0.984722
vn 0.000000 0.174136 -0.984722
vn 0.021839 0.992165 0.123007
vn 0.062930 -0.980470 -0.186330
vn 0.058469 -0.978876 -0.195915
vn 0.000000 0.993079 0.117450
vn 0.042834 -0.975699 -0.214889
vn -0.021846 0.992166 0.123006
vn 0.025111 -0.973659 -0.226623
vn -0.044934 0.989857 0.134771
vn -0.001599 0.013155 0.999912
vn -0.001599 0.013155 0.999912
vn -0.077669 0.140083 -0.987089
vn -0.034190 0.049542 -0.998187
vn -0.030498 0.015906 -0.999408
vn -0.117054 -0.016525 -0.992988
vn -0.111004 0.020760 -0.993603
vn 0.037832 0.076142 -0.996379
vn 0.059543 0.049395 -0.997003
vn 0.029082 0.086880 -0.995794
vn -0.027587 0.067689 -0.997325
vn -0.107811 0.040048 -0.993365
vn 0.041362 -0.040619 0.998318
vn 0.137679 -0.007289 0.990450
vn 0.108837 0.144166 0.983550
vn -0.002592 0.118158 0.992992
vn -0.048221 -0.072807 0.996180
vn -0.122088 0.088526 0.988564
vn -0.022408 -0.127886 0.991536
vn 0.049595 -0.106460 0.993079
vn 0.149618 -0.075551 0.985853
vn -0.105330 0.992527 0.061613
vn -0.289924 0.954438 0.070661
vn -0.284823 0.955989 0.070438
vn -0.105330 0.992527 0.061613
vn -0.474413 0.876884 0.077505
vn -0.474413 0.876884 0.077505
vn 0.854045 -0.510074 -0.102141
vn 0.979725 -0.190941 -0.060675
vn 0.978360 -0.197538 -0.061574
vn 0.854045 -0.510073 -0.102141
vn 0.998777 -0.019692 -0.045352
vn 0.998830 -0.016898 -0.045312
vn -0.688819 -0.724792 0.014324
vn -0.160916 -0.984589 -0.068486
vn -0.160916 -0.984589 -0.068486
vn -0.677403 -0.735513 0.012084
vn 0.973856 0.223531 -0.040469
vn 0.973856 0.223531 -0.040469
vn -0.827207 -0.560847 0.034342
vn -0.832931 -0.552302 0.034463
vn -0.983846 -0.175312 0.036233
vn -0.983846 -0.175312 0.036233
vn -0.996940 0.069429 0.035914
vn -0.868189 0.350624 0.351156
vn -0.883339 -0.122407 0.452470
vn -0.979093 -0.201121 -0.030458
vn 0.598505 0.755194 0.267346
vn 0.791078 0.598057 0.128543
vn 0.924884 0.239254 0.295546
vn 0.735062 0.274874 0.619780
vn 0.935566 0.340116 -0.095066
vn 0.986746 0.160689 -0.022607
vn -0.809043 0.438925 0.390889
vn -0.510153 -0.009433 0.860032
vn -0.393089 0.812217 0.431028
vn -0.357555 0.808620 0.467214
vn -0.138818 0.898276 0.416930
vn 0.056164 0.905442 0.420738
vn 0.187417 0.910903 0.367601
vn -0.108186 0.895285 0.432159
vn 0.929333 0.249848 -0.271875
vn 0.903616 0.156388 -0.398774
vn 0.722326 0.260510 -0.640609
vn 0.136506 0.301493 -0.943646
vn 0.104807 0.096020 -0.989846
vn 0.627657 0.147045 -0.764476
vn -0.454009 0.227201 -0.861543
vn -0.915245 0.044051 -0.400483
vn -0.804185 -0.133875 -0.579107
vn -0.371960 -0.004110 -0.928240
vn 0.938079 -0.024836 -0.345531
vn 0.734845 -0.027654 -0.677671
vn 0.724370 0.131533 -0.676748
vn 0.934160 0.102893 -0.341699
vn -0.919846 -0.230937 -0.317099
vn -0.968917 -0.247384 0.000508
vn -0.995309 -0.093373 -0.025325
vn -0.916170 -0.027160 -0.399869
vn 0.099746 -0.057528 -0.993349
vn -0.532322 -0.131022 -0.836341
vn -0.485316 0.113444 -0.866948
vn 0.108880 0.167976 -0.979760
vn 0.992752 -0.027221 -0.117056
vn 0.984107 0.138944 -0.110581
vn -0.433381 -0.000495 0.901211
vn 0.223502 -0.006119 0.974684
vn 0.174191 0.518237 0.837310
vn -0.336208 0.575255 0.745685
vn 0.851506 -0.023159 0.523833
vn 0.776269 0.381528 0.501840
vn -0.936287 -0.044416 0.348417
vn -0.836232 -0.002112 0.548371
vn -0.742191 0.350935 0.570961
vn -0.930384 0.111448 0.349235
vn -0.967813 -0.165019 0.190017
vn -0.976441 -0.047739 0.210437
vn 0.992095 -0.030356 0.121761
vn 0.942996 0.293543 0.156813
vn -0.049603 0.986314 -0.157243
vn 0.736128 0.676662 0.015617
vn 0.193703 -0.123146 0.973301
vn 0.093492 0.930626 0.353830
vn 0.192015 0.864570 0.464380
vn -0.011215 0.853433 0.521081
vn -0.028558 0.912466 0.408156
vn -0.617005 0.690089 0.378262
vn -0.166540 0.883434 0.437959
vn -0.257610 0.795449 0.548541
vn -0.383913 -0.040990 -0.922459
vn -0.819560 -0.149290 -0.553204
vn -0.846297 -0.140657 -0.513807
vn -0.341767 -0.037114 -0.939052
vn 0.083638 0.045946 -0.995436
vn 0.139071 0.043014 -0.989348
vn -0.975633 -0.205259 0.077517
vn -0.975263 -0.150368 0.162027
vn 0.877943 0.101079 -0.467974
vn 0.579655 0.096920 -0.809078
vn 0.617031 0.089925 -0.781784
vn 0.885352 0.101356 -0.453738
vn -0.836186 -0.211811 0.505894
vn -0.805922 -0.150821 0.572488
vn 0.660206 -0.039682 0.750036
vn 0.917208 0.028684 0.397375
vn 0.904206 0.032372 0.425868
vn 0.680334 -0.020311 0.732621
vn 0.996290 0.075084 -0.042047
vn 0.995564 0.082714 -0.044846
vn -0.421655 -0.206924 0.882830
vn -0.319532 -0.157021 0.934475
vn -0.199280 0.949880 -0.240864
vn -0.314858 0.881659 -0.351484
vn -0.306968 0.886537 -0.346153
vn -0.188368 0.955827 -0.225639
vn -0.795278 0.605910 0.020153
vn -0.845908 0.472038 0.248233
vn -0.855697 0.467768 0.221303
vn -0.821082 0.570240 0.025504
vn 0.242650 -0.127625 0.961682
vn 0.343480 -0.084848 0.935320
vn -0.098788 0.991606 -0.083418
vn -0.097918 0.991940 -0.080422
vn -0.165721 0.986168 0.002978
vn -0.085934 0.994216 -0.064421
vn -0.085974 0.994219 -0.064328
vn -0.147556 0.988963 -0.013357
vn -0.431888 0.836655 -0.336868
vn -0.528739 0.821813 -0.212270
vn -0.526963 0.822386 -0.214455
vn -0.422258 0.834803 -0.353272
vn -0.378832 0.840021 -0.388396
vn -0.373225 0.843668 -0.385911
vn -0.641566 0.676392 0.361783
vn -0.381040 0.897418 0.222371
vn -0.351064 0.916978 0.189490
vn -0.721586 0.586205 0.368345
vn 0.000000 -1.000000 0.000000
vn 0.000000 -1.000000 0.000000
vn 0.000000 -1.000000 0.000000
vn 0.000000 -1.000000 0.000000
vn 0.000000 -1.000000 0.000000
vn 0.000000 -1.000000 0.000000
vn 0.000000 -1.000000 0.000000
vn 0.000000 -1.000000 0.000000
vn 0.000000 -1.000000 0.000000
vn 0.000000 -1.000000 0.000000
vn 0.000000 -1.000000 0.000000
vn 0.000000 -1.000000 0.000000
vn 0.000000 -1.000000 0.000000
vn 0.000000 -1.000000 0.000000
vn 0.000000 -1.000000 0.000000
s 1
g fast_enemy
usemtl lambert1SG
f 115/1/1 106/2/2 41/1292/3 81/1289/4
f 123/1054/5 116/6/6 43/7/7 82/1284/8
f 87/9/9 10/920/10 38/11/11 103/12/12
f 93/13/13 39/14/14 36/15/15 101/16/16
f 56/1066/17 40/18/18 34/19/19 63/20/20
f 22/21/21 223/22/22 226/23/23 51/24/24
f 20/971/25 26/26/26 55/27/27
f 111/28/28 98/29/29 19/30/30 45/31/31
f 226/23/23 223/22/22 21/32/32 50/33/33
f 52/34/34 23/35/35 22/21/21 51/24/24
f 53/36/36 24/37/37 23/35/35 52/34/34
f 54/38/38 25/39/39 24/37/37 53/36/36
f 208/40/40 5/967/41 6/965/42 207/43/43
f 207/43/43 6/965/42 7/44/44 206/45/45
f 49/46/46 8/47/47 9/48/48 48/49/49
f 225/50/50 220/51/51 10/10/10 47/52/52
f 86/53/53 4/54/54 205/55/55 216/56/56
f 206/45/45 7/44/44 8/47/47 49/46/46
f 191/1154/57 189/1048/58 152/59/59 153/60/60
f 78/964/61 12/62/62 13/63/63 76/64/64
f 76/64/64 13/63/63 14/65/65 72/66/66
f 73/67/67 37/68/68 33/69/69 65/70/70
f 72/66/66 14/65/65 15/71/71 70/72/72
f 61/1064/73 3/921/74 40/18/18 56/1066/17
f 103/12/12 38/11/11 35/75/75 91/76/76
f 228/77/77 221/78/78 16/79/79 68/919/80
f 90/81/81 1/917/82 39/14/14 93/13/13
f 68/80/80 16/923/79 37/68/68 73/67/67
f 121/83/83 119/84/84 42/85/85 59/1290/86
f 55/27/27 26/26/26 25/39/39 54/38/38
f 127/87/87 117/88/88 44/89/89 99/1280/90
f 125/91/91 118/92/92 41/3/3 106/1285/2
f 138/1011/93 79/94/94 192/95/95 204/96/96
f 16/79/79 210/97/97 110/98/98 89/915/99
f 80/972/100 128/979/101 218/102/102 216/978/56
f 18/103/103 205/55/55 208/40/40 32/104/104
f 96/105/105 108/106/106 3/74/74 17/107/107
f 108/106/106 88/913/108 3/74/74
f 28/109/109 224/110/110 222/111/111
f 80/100/100 216/56/56 205/55/55 18/103/103
f 231/112/112 214/113/113 213/114/114 230/115/115
f 215/116/116 55/27/27 54/38/38 214/113/113
f 230/115/115 213/114/114 212/117/117 14/65/65
f 214/113/113 54/38/38 53/36/36 213/114/114
f 224/110/110 225/50/50 47/52/52 46/118/118
f 213/114/114 53/36/36 52/34/34 212/117/117
f 14/65/65 212/117/117 211/119/119 15/71/71
f 212/117/117 52/34/34 51/24/24 211/119/119
f 229/120/120 210/97/97 16/79/79 221/78/78
f 229/120/120 226/23/23 50/33/33 210/97/97
f 111/28/28 45/31/31 1/82/82 90/914/81
f 209/121/121 20/971/25 55/27/27 215/116/116
f 205/55/55 4/54/54 5/967/41 208/40/40
f 60/916/122 45/31/31 19/30/30 84/123/123
f 110/98/98 97/124/124 98/29/29 111/28/28
f 11/959/125 215/116/116 214/113/113 231/112/112
f 217/977/126 85/976/127 130/128/128 219/129/129
f 198/1153/130 200/1050/131 157/132/132 156/1519/133
f 20/25/25 217/977/126 219/129/129 129/134/134
f 3/74/74 61/1065/73 83/1030/135 17/107/107
f 117/88/88 120/136/136 58/1057/137 44/89/89
f 120/1051/136 121/83/83 59/1290/86 58/1291/137
f 10/920/10 67/918/138 74/1061/139 38/11/11
f 67/1062/138 68/80/80 73/67/67 74/139/139
f 220/51/51 227/140/140 67/138/138 10/10/10
f 227/1035/140 228/77/77 68/919/80 67/1063/138
f 1/917/82 60/122/122 57/141/141 39/14/14
f 60/122/122 61/922/73 56/17/17 57/141/141
f 8/47/47 71/142/142 69/1036/143 9/48/48
f 71/1060/142 72/66/66 70/72/72 69/143/143
f 38/11/11 74/1061/139 66/1052/144 35/75/75
f 74/139/139 73/67/67 65/70/70 66/144/144
f 7/44/44 75/145/145 71/142/142 8/47/47
f 75/1059/145 76/64/64 72/66/66 71/1060/142
f 6/965/42 77/963/146 75/145/145 7/44/44
f 77/1043/146 78/964/61 76/64/64 75/1059/145
f 142/147/147 135/148/148 199/149/149 197/150/150
f 188/1166/151 202/1045/152 159/153/153 151/154/154
f 86/1006/53 85/127/127 2/961/155 62/962/156
f 39/14/14 57/141/141 64/157/157 36/15/15
f 57/141/141 56/17/17 63/1053/20 64/157/157
f 118/92/92 122/158/158 81/4/4 41/3/3
f 122/158/158 123/5/5 82/1058/8 81/4/4
f 100/1279/159 113/160/160 82/8/8 43/1281/7
f 113/1055/160 115/1/1 81/1289/4 82/1288/8
f 58/137/137 59/86/86 114/161/161 112/1056/162
f 112/1056/162 114/161/161 115/1/1 113/1055/160
f 44/1283/89 58/1282/137 112/162/162 99/90/90
f 99/90/90 112/162/162 113/160/160 100/1279/159
f 210/97/97 50/33/33 110/98/98
f 1/82/82 45/31/31 60/916/122
f 110/98/98 111/28/28 90/914/81 89/915/99
f 15/71/71 211/119/119 229/120/120 221/78/78
f 46/118/118 47/52/52 109/163/163 107/164/164
f 61/73/73 60/916/122 84/123/123 83/135/135
f 27/165/165 46/118/118 107/164/164 95/166/166
f 119/84/84 124/167/167 105/1286/168 42/85/85
f 124/167/167 125/91/91 106/1285/2 105/1286/168
f 116/6/6 126/169/169 100/159/159 43/7/7
f 126/169/169 127/87/87 99/1280/90 100/159/159
f 16/923/79 89/99/99 94/170/170 37/68/68
f 89/99/99 90/81/81 93/13/13 94/170/170
f 40/18/18 104/171/171 92/172/172 34/19/19
f 104/171/171 103/12/12 91/76/76 92/172/172
f 47/52/52 10/10/10 87/912/9 109/163/163
f 109/163/163 87/912/9 88/913/108
f 95/166/166 107/164/164 108/106/106 96/105/105
f 50/33/33 21/32/32 97/124/124 110/98/98
f 37/68/68 94/170/170 102/173/173 33/69/69
f 94/170/170 93/13/13 101/16/16 102/173/173
f 3/921/74 88/108/108 104/171/171 40/18/18
f 88/108/108 87/9/9 103/12/12 104/171/171
f 59/86/86 42/1287/85 105/168/168 114/161/161
f 114/161/161 105/168/168 106/2/2 115/1/1
f 92/172/172 91/76/76 127/87/87 126/169/169
f 34/19/19 92/172/172 126/169/169 116/6/6
f 102/173/173 101/16/16 125/91/91 124/167/167
f 33/69/69 102/173/173 124/167/167 119/84/84
f 64/157/157 63/1053/20 123/5/5 122/158/158
f 36/15/15 64/157/157 122/158/158 118/92/92
f 66/144/144 65/70/70 121/83/83 120/1051/136
f 35/75/75 66/1052/144 120/136/136 117/88/88
f 101/16/16 36/15/15 118/92/92 125/91/91
f 91/76/76 35/75/75 117/88/88 127/87/87
f 65/70/70 33/69/69 119/84/84 121/83/83
f 63/20/20 34/19/19 116/6/6 123/1054/5
f 209/121/121 2/961/155 85/127/127 217/126/126
f 85/976/127 86/975/53 131/174/174 130/128/128
f 79/94/94 143/175/175 190/176/176 192/95/95
f 200/1050/131 203/1037/177 160/178/178 157/132/132
f 193/1046/179 196/1040/180 155/181/181 154/182/182
f 146/183/183 148/184/184 201/185/185 187/186/186
f 139/187/187 142/147/147 197/150/150 195/188/188
f 189/1048/58 188/1049/151 151/1165/154 152/59/59
f 150/189/189 139/187/187 195/188/188 194/190/190
f 203/1037/177 191/1047/57 153/1152/60 160/178/178
f 202/1045/152 193/1046/179 154/182/182 159/153/153
f 2/155/155 11/125/125 140/191/191 149/192/192
f 882/193/193 883/194/194 183/195/195 184/196/196
f 140/191/191 141/197/197 891/198/198 892/199/199
f 77/146/146 6/42/42 134/200/200 137/201/201
f 886/202/202 887/203/203 182/204/204 179/205/205
f 134/200/200 144/206/206 896/207/207 897/208/208
f 62/156/156 2/155/155 149/192/192 147/209/209
f 889/210/210 890/211/211 185/212/212 186/213/213
f 5/41/41 4/966/54 145/214/214 144/206/206
f 145/214/214 147/209/209 894/215/215 895/216/216
f 144/206/206 145/214/214 895/216/216 896/207/207
f 11/125/125 141/197/197 140/191/191
f 149/192/192 140/191/191 892/199/199 893/217/217
f 888/218/218 889/210/210 186/213/213 181/219/219
f 78/61/61 77/1044/146 137/1042/201 136/220/220
f 885/221/221 886/202/202 179/205/205 180/222/222
f 141/197/197 136/220/220 899/223/223 891/198/198
f 12/960/62 78/61/61 136/220/220 141/197/197
f 182/204/204 887/203/203 888/218/218 181/219/219
f 136/220/220 137/1042/201 898/224/224 899/223/223
f 6/42/42 5/41/41 144/206/206 134/200/200
f 137/201/201 134/200/200 897/208/208 898/1008/224
f 884/225/225 885/1010/221 180/1009/222 178/226/226
f 4/966/54 62/156/156 147/209/209 145/214/214
f 185/212/212 890/211/211 882/193/193 184/196/196
f 147/209/209 149/192/192 893/217/217 894/215/215
f 156/1519/133 157/132/132 166/227/227 165/228/228
f 160/178/178 153/1152/60 162/1142/229 168/230/230
f 152/59/59 151/1165/154 133/1163/231 132/232/232
f 158/1159/233 171/234/234 173/235/235 174/1149/236
f 151/154/154 159/153/153 167/237/237 133/231/231
f 154/182/182 155/181/181 164/1157/238 163/239/239
f 135/148/148 138/93/93 204/1039/96 199/149/149
f 196/1040/180 198/1041/130 156/1151/133 155/181/181
f 148/184/184 150/189/189 194/190/190 201/185/185
f 153/60/60 152/59/59 132/232/232 162/229/229
f 157/132/132 160/178/178 168/230/230 166/227/227
f 159/153/153 154/182/182 163/239/239 167/237/237
f 155/181/181 156/1151/133 169/1150/240 170/241/241
f 164/1157/238 155/181/181 170/241/241
f 156/133/133 165/1518/228 169/240/240
f 165/1141/228 164/238/238 158/233/233 161/242/242
f 169/240/240 165/1518/228 161/1147/242 172/243/243
f 170/241/241 169/1150/240 172/1144/243 171/234/234
f 164/1157/238 170/241/241 171/234/234 158/1159/233
f 175/244/244 174/236/236 173/1148/235 176/1145/245
f 161/242/242 158/233/233 174/1160/236 175/1146/244
f 171/234/234 172/1144/243 176/245/245 173/235/235
f 172/243/243 161/1147/242 175/244/244 176/1145/245
f 239/1156/246 241/247/247 177/1143/248
f 244/249/249 248/250/250 177/1158/248
f 246/251/251 235/252/252 177/248/248
f 242/1161/253 244/249/249 177/1158/248
f 163/239/239 164/1157/238 238/1155/254 249/255/255
f 236/256/256 242/253/253 177/1164/248
f 233/1138/257 236/256/256 177/1164/248
f 241/1140/247 246/251/251 177/248/248
f 168/230/230 162/1142/229 232/1137/258 234/259/259
f 165/228/228 166/227/227 247/260/260 240/261/261
f 167/237/237 163/239/239 249/255/255 245/262/262
f 166/227/227 168/230/230 234/259/259 247/260/260
f 132/232/232 133/1163/231 243/1162/263 237/264/264
f 164/238/238 165/1141/228 240/1139/261 238/254/254
f 235/252/252 233/257/257 177/248/248
f 248/250/250 239/246/246 177/1158/248
f 133/231/231 167/237/237 245/262/262 243/263/263
f 884/225/225 178/226/226 183/195/195 883/194/194
f 188/151/151 189/58/58 190/176/176 187/186/186
f 189/58/58 191/57/57 192/95/95 190/176/176
f 194/190/190 195/188/188 196/180/180 193/179/179
f 195/188/188 197/150/150 198/130/130 196/180/180
f 200/131/131 198/130/130 197/150/150 199/149/149
f 187/186/186 201/185/185 202/152/152 188/151/151
f 191/57/57 203/1038/177 204/96/96 192/95/95
f 203/177/177 200/131/131 199/149/149 204/1039/96
f 201/185/185 194/190/190 193/179/179 202/152/152
f 143/175/175 146/183/183 187/186/186 190/176/176
f 32/104/104 208/40/40 207/43/43 31/265/265
f 31/265/265 207/43/43 206/45/45 30/266/266
f 30/266/266 206/45/45 49/46/46 29/267/267
f 20/971/25 209/121/121 217/126/126
f 28/109/109 48/49/49 224/110/110
f 222/111/111 224/110/110 46/118/118 27/165/165
f 69/143/143 70/72/72 228/77/77 227/1035/140
f 9/48/48 69/1036/143 227/140/140 220/51/51
f 211/119/119 51/24/24 226/23/23 229/120/120
f 48/49/49 225/50/50 224/110/110
f 70/72/72 15/71/71 221/78/78 228/77/77
f 48/49/49 9/48/48 220/51/51 225/50/50
f 107/164/164 109/163/163 88/913/108 108/106/106
f 29/267/267 49/46/46 48/49/49 28/109/109
f 11/959/125 231/112/112 12/62/62
f 13/63/63 230/115/115 14/65/65
f 12/62/62 231/112/112 230/115/115 13/63/63
f 86/975/53 216/978/56 218/102/102 131/174/174
f 2/961/155 209/121/121 215/116/116 11/959/125
f 239/246/246 248/250/250 249/255/255 238/1155/254
f 248/250/250 244/249/249 245/262/262 249/255/255
f 235/252/252 246/251/251 247/260/260 234/259/259
f 244/249/249 242/1161/253 243/263/263 245/262/262
f 241/247/247 239/1156/246 238/254/254 240/1139/261
f 242/253/253 236/256/256 237/264/264 243/1162/263
f 233/257/257 235/252/252 234/259/259 232/1137/258
f 246/251/251 241/1140/247 240/261/261 247/260/260
f 236/256/256 233/1138/257 232/258/258 237/264/264
f 162/229/229 132/232/232 237/264/264 232/258/258
f 342/268/268 314/269/269 274/1278/270 333/1272/271
f 350/272/272 315/1024/273 276/274/274 343/275/275
f 318/901/276 330/277/277 271/278/278 259/279/279
f 324/280/280 328/281/281 269/282/282 272/283/283
f 290/1034/284 297/1020/285 267/286/286 273/287/287
f 22/21/21 285/288/288 411/289/289 223/22/22
f 20/971/25 289/290/290 26/26/26
f 338/291/291 278/292/292 19/30/30 98/29/29
f 411/289/289 284/293/293 21/32/32 223/22/22
f 286/294/294 285/288/288 22/21/21 23/35/35
f 287/295/295 286/294/294 23/35/35 24/37/37
f 288/296/296 287/295/295 24/37/37 25/39/39
f 395/297/297 394/298/298 255/956/299 254/957/300
f 394/298/298 393/301/301 256/302/302 255/956/299
f 282/303/303 281/304/304 258/305/305 257/306/306
f 410/307/307 280/308/308 259/908/279 407/309/309
f 317/310/310 253/311/311 296/953/312
f 393/301/301 282/303/303 257/306/306 256/302/302
f 312/954/313 310/314/314 262/315/315 261/316/316
f 310/314/314 306/317/317 263/318/318 262/315/315
f 307/319/319 299/320/320 266/321/321 270/322/322
f 306/317/317 304/323/323 264/324/324 263/318/318
f 295/910/325 290/1034/284 273/287/287 252/326/326
f 330/277/277 322/327/327 268/328/328 271/278/278
f 413/329/329 302/330/330 265/331/331 408/332/332
f 321/903/333 324/280/280 272/283/283 250/334/334
f 302/906/330 307/319/319 270/322/322 265/911/331
f 348/335/335 293/1277/336 275/1273/337 346/338/338
f 289/290/290 288/296/296 25/39/39 26/26/26
f 354/339/339 326/340/340 277/341/341 344/342/342
f 352/343/343 333/271/271 274/270/270 345/344/344
f 361/345/345 391/1033/346 385/347/347 313/348/348
f 265/331/331 320/902/349 337/350/350 397/351/351
f 80/973/100 403/352/352 405/353/353 128/101/101
f 18/103/103 32/104/104 395/297/297 392/354/354
f 96/105/105 17/107/107 283/355/355 335/356/356
f 335/356/356 283/355/355 252/909/326 319/900/357
f 28/109/109 222/111/111 409/358/358
f 80/100/100 18/103/103 392/354/354 403/974/352
f 416/359/359 415/360/360 400/361/361 401/362/362
f 402/363/363 401/362/362 288/296/296 289/290/290
f 415/360/360 263/318/318 399/364/364 400/361/361
f 401/362/362 400/361/361 287/295/295 288/296/296
f 409/358/358 279/365/365 280/308/308 410/307/307
f 400/361/361 399/364/364 286/294/294 287/295/295
f 263/318/318 264/324/324 398/366/366 399/364/364
f 399/364/364 398/366/366 285/288/288 286/294/294
f 414/367/367 408/332/332 265/331/331 397/351/351
f 414/367/367 397/351/351 284/293/293 411/289/289
f 295/325/325 252/909/326 283/355/355
f 338/291/291 321/333/333 250/905/334 278/292/292
f 396/368/368 402/363/363 289/290/290 20/971/25
f 392/354/354 395/297/297 254/957/300 253/311/311
f 294/369/369 84/123/123 19/30/30 278/292/292
f 337/350/350 338/291/291 98/29/29 97/124/124
f 260/951/370 416/359/359 401/362/362 402/363/363
f 404/970/371 406/372/372 355/373/373 316/374/374
f 20/25/25 129/134/134 406/372/372 404/970/371
f 283/355/355 17/107/107 83/1030/135 295/325/325
f 344/342/342 277/341/341 292/375/375 347/1018/376
f 347/376/376 292/1023/375 293/1277/336 348/335/335
f 259/279/279 271/278/278 308/377/377 301/1028/378
f 301/907/378 308/1027/377 307/319/319 302/906/330
f 407/309/309 259/908/279 301/1029/378 412/1014/379
f 412/379/379 301/378/378 302/330/330 413/329/329
f 250/334/334 272/283/283 291/380/380 294/904/369
f 294/904/369 291/380/380 290/284/284 295/1031/325
f 257/306/306 258/305/305 303/381/381 305/1026/382
f 305/382/382 303/1013/381 304/323/323 306/317/317
f 271/278/278 268/328/328 300/383/383 308/377/377
f 308/1027/377 300/1017/383 299/320/320 307/319/319
f 256/302/302 257/306/306 305/1026/382 309/1025/384
f 309/384/384 305/382/382 306/317/317 310/314/314
f 255/956/299 256/302/302 309/1025/384 311/1015/385
f 311/955/385 309/384/384 310/314/314 312/954/313
f 365/386/386 388/387/387 389/388/388 358/389/389
f 317/1005/310 296/1004/312 251/952/390 316/968/374
f 272/283/283 269/282/282 298/391/391 291/380/380
f 291/380/380 298/391/391 297/285/285 290/284/284
f 345/344/344 274/270/270 314/1274/269 349/392/392
f 349/392/392 314/1274/269 315/1275/273 350/1019/272
f 327/393/393 276/274/274 315/1024/273 340/1022/394
f 340/394/394 315/273/273 314/269/269 342/268/268
f 292/1276/375 339/1021/395 341/396/396 293/336/336
f 339/1021/395 340/394/394 342/268/268 341/396/396
f 277/341/341 326/340/340 339/395/395 292/375/375
f 326/340/340 327/393/393 340/1022/394 339/395/395
f 397/351/351 337/350/350 284/293/293
f 250/905/334 294/369/369 278/292/292
f 337/350/350 320/902/349 321/333/333 338/291/291
f 264/324/324 408/332/332 414/367/367 398/366/366
f 279/365/365 334/397/397 336/398/398 280/308/308
f 295/1032/325 83/135/135 84/123/123 294/369/369
f 27/165/165 95/166/166 334/397/397 279/365/365
f 346/338/338 275/1273/337 332/1271/399 351/400/400
f 351/400/400 332/1271/399 333/271/271 352/343/343
f 343/275/275 276/274/274 327/393/393 353/401/401
f 353/401/401 327/393/393 326/340/340 354/339/339
f 265/911/331 270/322/322 325/402/402 320/349/349
f 320/349/349 325/402/402 324/280/280 321/903/333
f 273/287/287 267/286/286 323/403/403 331/404/404
f 331/404/404 323/403/403 322/327/327 330/277/277
f 280/308/308 336/398/398 318/276/276 259/908/279
f 336/398/398 319/900/357 318/276/276
f 95/166/166 96/105/105 335/356/356 334/397/397
f 284/293/293 337/350/350 97/124/124 21/32/32
f 270/322/322 266/321/321 329/405/405 325/402/402
f 325/402/402 329/405/405 328/281/281 324/280/280
f 252/326/326 273/287/287 331/404/404 319/357/357
f 319/357/357 331/404/404 330/277/277 318/901/276
f 293/336/336 341/396/396 332/399/399 275/337/337
f 341/396/396 342/268/268 333/1272/271 332/399/399
f 323/403/403 353/401/401 354/339/339 322/327/327
f 267/286/286 343/275/275 353/401/401 323/403/403
f 329/405/405 351/400/400 352/343/343 328/281/281
f 266/321/321 346/338/338 351/400/400 329/405/405
f 298/391/391 349/392/392 350/1019/272 297/285/285
f 269/282/282 345/344/344 349/392/392 298/391/391
f 300/1017/383 347/376/376 348/335/335 299/320/320
f 268/328/328 344/342/342 347/1018/376 300/383/383
f 328/281/281 352/343/343 345/344/344 269/282/282
f 322/327/327 354/339/339 344/342/342 268/328/328
f 299/320/320 348/335/335 346/338/338 266/321/321
f 297/1020/285 350/272/272 343/275/275 267/286/286
f 396/368/368 404/371/371 316/968/374 251/952/390
f 316/374/374 355/373/373 356/406/406 317/969/310
f 313/348/348 385/347/347 384/407/407 366/408/408
f 369/409/409 383/410/410 390/411/411 371/412/412
f 362/413/413 387/414/414 388/387/387 365/386/386
f 373/415/415 386/416/416 387/414/414 362/413/413
f 251/390/390 372/417/417 363/418/418 260/370/370
f 873/419/419 874/420/420 380/421/421 379/422/422
f 363/418/418 864/423/423 865/424/424 364/425/425
f 311/1016/385 360/1515/426 357/427/427 255/299/299
f 878/428/428 879/429/429 375/430/430 378/431/431
f 357/427/427 868/432/432 869/433/433 367/434/434
f 296/312/312 370/435/435 372/417/417 251/390/390
f 875/436/436 876/437/437 382/438/438 381/439/439
f 254/300/300 367/434/434 368/440/440 253/958/311
f 368/440/440 870/441/441 871/442/442 370/435/435
f 367/434/434 869/433/433 870/441/441 368/440/440
f 260/370/370 364/425/425 261/950/316
f 372/417/417 872/443/443 864/423/423 363/418/418
f 382/438/438 876/437/437 877/444/444 377/445/445
f 312/313/313 359/446/446 360/426/426 311/385/385
f 375/430/430 879/429/429 880/1517/447 376/448/448
f 364/425/425 865/424/424 866/449/449 359/446/446
f 261/950/316 364/425/425 359/446/446 312/313/313
f 377/445/445 877/444/444 878/428/428 378/431/431
f 255/299/299 357/427/427 367/434/434 254/300/300
f 360/1515/426 867/450/450 868/432/432 357/427/427
f 376/1012/448 880/447/447 881/451/451 374/452/452
f 253/958/311 368/440/440 370/435/435 296/312/312
f 380/421/421 874/420/420 875/436/436 381/439/439
f 370/435/435 871/442/442 872/443/443 372/417/417
f 358/389/389 389/388/388 391/346/346 361/1516/345
f 371/412/412 390/411/411 386/416/416 373/415/415
f 873/419/419 379/422/422 374/452/452 881/451/451
f 366/408/408 384/407/407 383/410/410 369/409/409
f 32/104/104 31/265/265 394/298/298 395/297/297
f 31/265/265 30/266/266 393/301/301 394/298/298
f 30/266/266 29/267/267 282/303/303 393/301/301
f 20/971/25 404/371/371 396/368/368
f 28/109/109 409/358/358 281/304/304
f 222/111/111 27/165/165 279/365/365 409/358/358
f 303/1013/381 412/379/379 413/329/329 304/323/323
f 258/305/305 407/309/309 412/1014/379 303/381/381
f 398/366/366 414/367/367 411/289/289 285/288/288
f 281/304/304 409/358/358 410/307/307
f 304/323/323 413/329/329 408/332/332 264/324/324
f 281/304/304 410/307/307 407/309/309 258/305/305
f 334/397/397 335/356/356 319/900/357 336/398/398
f 29/267/267 28/109/109 281/304/304 282/303/303
f 260/951/370 261/316/316 416/359/359
f 262/315/315 263/318/318 415/360/360
f 261/316/316 262/315/315 415/360/360 416/359/359
f 317/969/310 356/406/406 405/353/353 403/352/352
f 251/952/390 260/951/370 402/363/363 396/368/368
s 48
f 462/453/453 434/944/454 435/948/455 454/456/456
f 463/457/457 430/940/458 436/949/459 455/1261/460
f 455/460/460 436/1265/459 437/947/461 456/462/462
f 454/456/456 435/948/455 432/939/463 457/1263/464
f 457/464/464 469/1236/465 458/466/466
f 502/467/467 504/468/468 470/469/469 464/470/470
f 456/462/462 437/947/461 431/941/471 459/472/472
f 465/473/473 440/942/474 438/945/475 460/476/476
f 466/477/477 439/1268/478 433/943/479 461/480/480
f 460/476/476 438/945/475 439/946/478 466/1266/477
f 461/480/480 433/943/479 434/944/454 462/453/453
f 459/472/472 431/941/471 440/942/474 465/473/473
f 418/933/481 449/1255/482 451/1256/483 429/935/484
f 420/936/485 452/1247/486 442/1248/487 421/927/488
f 427/934/489 450/1257/490 453/1258/491 428/937/492
f 428/937/492 453/1258/491 452/1246/486 420/1259/485
f 429/935/484 451/1256/483 450/1257/490 427/934/489
f 424/930/493 445/1252/494 449/1255/482 418/933/481
f 499/924/495 501/496/496 448/1254/497 426/932/498
f 426/932/498 448/1254/497 444/1250/499 417/1294/500
f 419/931/501 446/1253/502 447/1245/503 425/925/504
f 422/926/505 441/1249/506 446/1253/502 419/931/501
f 423/928/507 443/1251/508 445/1252/494 424/930/493
f 417/929/500 444/1293/499 443/1251/508 423/928/507
f 421/927/488 442/1248/487 441/1249/506 422/926/505
f 449/482/482 459/472/472 465/473/473 451/483/483
f 452/486/486 461/480/480 462/453/453 442/487/487
f 450/490/490 460/476/476 466/1266/477 453/491/491
f 453/1267/491 466/477/477 461/480/480 452/486/486
f 451/483/483 465/473/473 460/476/476 450/490/490
f 445/494/494 456/462/462 459/472/472 449/482/482
f 501/1244/496 502/467/467 464/470/470 448/497/497
f 448/497/497 464/470/470 463/457/457 444/499/499
f 446/1262/502 457/464/464 458/466/466 447/503/503
f 441/506/506 454/456/456 457/1263/464 446/502/502
f 443/1260/508 455/460/460 456/462/462 445/494/494
f 444/499/499 463/457/457 455/1261/460 443/508/508
f 442/487/487 462/453/453 454/456/456 441/506/506
f 503/1239/509 500/510/510 430/940/458 468/511/511
f 470/1242/469 474/512/512 472/513/513 468/1241/511
f 506/514/514 505/515/515 472/513/513 474/512/512
f 503/509/509 505/515/515 471/516/516 467/1238/517
f 467/1237/517 471/516/516 473/518/518 469/1235/465
f 504/1234/468 506/514/514 474/512/512 470/1243/469
f 463/457/457 470/469/469 468/511/511 430/940/458
f 464/470/470 470/469/469 463/457/457
f 432/1264/463 467/517/517 469/1236/465 457/464/464
f 489/519/519 486/1228/520 478/1227/521 488/1233/522
f 490/523/523 485/1220/524 486/1228/520 489/519/519
f 488/522/522 478/1230/521 479/1226/525 491/526/526
f 493/527/527 476/528/528 487/1219/529 492/530/530
f 491/526/526 479/1226/525 480/1224/531 494/532/532
f 496/533/533 475/1223/534 481/1225/535 495/536/536
f 495/536/536 481/1225/535 482/1221/537 497/538/538
f 494/532/532 480/1224/531 477/1217/539 498/540/540
s 58
f 476/1222/541 483/541/542 517/542/543 487/529/544
f 479/525/545 511/543/546 512/544/547 480/531/548
s 48
f 508/545/549 507/1218/550 475/1223/534 496/533/533
f 497/538/538 482/1221/537 476/528/528 493/527/527
f 492/530/530 487/1219/529 485/1220/524 490/523/523
f 440/474/474 492/530/530 490/523/523 438/475/475
f 437/461/461 497/538/538 493/527/527 431/471/471
f 500/938/510 508/545/549 496/533/533 430/458/458
f 435/455/455 494/532/532 498/540/540 432/463/463
f 436/459/459 495/536/536 497/538/538 437/461/461
f 430/458/458 496/533/533 495/536/536 436/459/459
f 434/454/454 491/526/526 494/532/532 435/455/455
f 431/471/471 493/527/527 492/530/530 440/474/474
f 433/1232/479 488/522/522 491/526/526 434/454/454
f 438/475/475 490/523/523 489/519/519 439/478/478
f 439/478/478 489/519/519 488/1233/522 433/479/479
f 432/463/463 498/540/540 508/545/549 500/938/510
f 498/540/540 477/1217/539 507/1218/550 508/545/549
f 469/465/465 473/518/518 506/514/514 504/1234/468
f 468/1240/511 472/513/513 505/515/515 503/509/509
f 473/518/518 471/516/516 505/515/515 506/514/514
f 467/517/517 432/1264/463 500/510/510 503/1239/509
f 447/503/503 458/466/466 502/467/467 501/1244/496
f 425/925/504 447/1245/503 501/496/496 499/924/495
f 458/466/466 469/1236/465 504/468/468 502/467/467
s 58
f 482/537/551 514/547/552 483/541/542 476/1222/541
f 475/534/553 484/548/554 513/549/555 481/535/556
f 486/520/557 516/550/558 510/551/559 478/521/560
f 487/529/544 517/542/543 515/552/561 485/524/562
f 477/539/563 509/553/564 518/554/565 507/546/566
f 480/531/548 512/544/547 509/553/564 477/539/563
f 481/535/556 513/549/555 514/547/552 482/537/551
f 507/546/566 518/554/565 484/548/554 475/534/553
f 478/1231/560 510/1229/559 511/543/546 479/525/545
f 485/524/562 515/552/561 516/550/558 486/520/557
s 62
f 429/484/567 519/555/568 418/481/569
f 422/505/570 519/555/568 421/488/571
f 423/507/572 519/555/568 417/500/573
f 424/493/574 519/555/568 423/507/572
f 419/501/575 519/555/568 422/505/570
f 425/504/576 519/555/568 419/501/575
f 417/500/573 519/555/568 426/498/577
f 426/498/577 519/555/568 499/495/578
f 418/481/569 519/555/568 424/493/574
f 427/489/579 519/555/568 429/484/567
f 420/485/580 519/555/568 428/492/581
f 428/492/581 519/555/568 427/489/579
f 499/495/578 519/555/568 425/504/576
f 421/488/571 519/555/568 420/485/580
s 65
f 528/556/582 527/1211/583 523/1216/584 525/1215/585
f 526/1212/586 528/556/582 525/1215/585 522/1214/587
f 520/1213/588 524/1199/589 528/556/582 526/1212/586
f 524/1199/589 521/1210/590 527/1211/583 528/556/582
s 66
f 537/565/591 534/1208/592 532/1209/593 536/1204/594
f 535/1206/595 531/1207/596 534/1208/592 537/565/591
f 529/1205/597 535/1206/595 537/565/591 533/1201/598
f 533/1201/598 537/565/591 536/1204/594 530/1203/599
s 67
f 523/558/600 532/567/601 534/566/602 525/559/603
f 525/559/603 534/566/602 531/570/604 522/561/605
s 68
f 524/1200/606 533/572/607 530/573/608 521/564/609
f 521/564/609 530/573/608 536/568/610 527/557/611
s 69
f 520/562/612 529/571/613 533/1202/614 524/563/615
s 68
f 527/557/611 536/568/610 532/567/616 523/558/617
s 69
f 526/560/618 535/569/619 529/571/613 520/562/612
f 522/561/620 531/570/621 535/569/619 526/560/618
s off
f 539/1188/622 541/1187/623 559/1183/624 558/1179/625
s 70
f 542/578/626 550/579/627 549/1189/628
s 71
f 543/581/629 551/582/630 546/583/631 547/1197/632
s off
f 548/1191/633 543/1193/634 542/1194/635 549/1190/636
f 543/1193/637 547/584/638 544/586/639 542/1194/640
f 546/1195/641 545/587/642 544/586/643 547/584/644
f 546/583/645 551/582/646 550/579/647 545/1196/648
s 72
f 538/1184/649 540/1186/650 548/585/651 549/580/652
f 539/574/653 538/1184/649 549/580/652 550/579/654
f 541/575/655 539/574/653 550/579/654 551/582/656
f 540/1186/650 541/575/655 551/582/656 548/585/651
s 73
f 554/1178/657 555/1177/658 562/592/659 567/593/660
s off
f 540/589/661 538/1185/662 557/1181/663 556/1182/664
f 541/1187/665 540/589/666 556/1182/667 559/1183/668
f 538/588/669 539/1188/670 558/1179/671 557/1180/672
s 74
f 553/1175/673 552/1173/674 556/595/675 557/594/676
f 554/590/677 553/1175/673 557/594/676 558/577/678
f 555/591/679 554/590/677 558/577/678 559/576/680
f 552/1173/674 555/591/679 559/576/680 556/595/675
s 75
f 553/596/681 554/1178/682 567/593/683 564/598/684
s 76
f 555/1177/685 552/1174/686 561/1167/687 562/592/688
s 77
f 552/597/689 553/1176/690 564/1172/691 561/599/692
s 75
f 564/598/684 567/593/683 566/600/693 565/1171/694
s off
f 565/601/695 566/1170/696 563/1169/697 560/1168/698
s 76
f 562/592/688 561/1167/687 560/603/699 563/602/700
s 77
f 561/599/692 564/1172/691 565/601/701 560/1168/702
s 73
f 567/593/660 562/592/659 563/602/703 566/600/704
s 78
f 573/1123/705 570/605/706 569/1134/707
s off
f 569/606/708 570/1128/709 568/607/710 574/1133/711
s 79
f 568/1136/712 571/609/713 575/1130/714 574/1132/715
s off
f 570/1128/716 572/611/717 568/607/718
f 572/611/719 570/1128/720 578/612/721 576/1126/722
f 573/604/723 571/1124/724 579/614/725 580/615/726
s 78
f 570/605/706 573/1123/705 580/1116/727 578/1129/728
s 79
f 568/1136/712 572/1127/729 571/609/713
f 571/609/713 572/1127/729 576/613/730 579/1125/731
s off
f 571/1124/732 573/604/733 575/610/734
f 575/1131/735 573/1122/736 569/1135/737 574/608/738
s 78
f 580/1116/727 577/1118/739 578/1129/728
s off
f 576/1126/740 578/612/741 577/1119/742 581/617/743
s 79
f 576/613/730 581/1120/744 582/1114/745 579/1125/731
s off
f 579/614/746 582/1115/747 580/615/748
f 582/618/749 581/1121/750 577/616/751 580/1117/752
s 80
f 612/619/753 613/620/754 651/1093/755 608/622/756
f 619/1088/757 607/624/758 609/625/759 655/1094/760
f 588/627/761 596/628/762 620/629/763 589/630/764
f 626/631/765 612/619/753 608/622/756 604/632/766
f 613/1091/754 622/633/767 631/634/768 651/621/755
f 645/635/769 650/636/770 623/637/771 647/638/772
f 655/1094/760 609/625/759 595/639/773
f 635/640/774 634/641/775 600/642/776 599/643/777
f 644/644/778 649/645/779 650/636/770 645/635/769
f 650/636/770 641/646/780 627/647/781 623/637/771
f 586/1095/782 630/649/783 639/650/784 590/1098/785
f 592/1102/786 585/1099/787 643/654/788 652/655/789
f 599/643/777 600/642/776 595/639/773
f 646/656/790 599/643/777 595/639/773
f 600/642/776 604/632/766 595/639/773
f 642/657/791 655/626/760 595/1092/773
f 620/629/763 596/628/762 597/658/792 621/659/793
f 606/660/794 653/661/795 654/662/796 607/624/758
f 651/621/755 631/634/768 595/1092/773
f 601/663/797 619/623/757 655/626/760 642/657/791
f 608/622/756 651/1093/755 595/639/773
f 638/664/798 642/657/791 595/1092/773
f 623/637/771 627/647/781 595/639/773
f 604/632/766 608/622/756 595/639/773
f 605/665/799 652/655/789 653/661/795 606/660/794
f 592/1102/786 652/655/789 605/665/799 593/1101/800
f 607/624/758 654/662/796 616/667/801 609/625/759
f 611/668/802 614/1090/803 613/620/754 612/619/753
f 610/670/804 615/671/805 614/1090/803 611/668/802
f 618/1087/806 606/660/794 607/624/758 619/1088/757
f 617/1086/807 605/665/799 606/660/794 618/1087/806
f 583/1076/808 593/1101/800 605/665/799 617/1086/807
f 622/633/767 598/675/809 638/664/798 631/634/768
f 621/659/793 597/658/792 598/675/809 622/633/767
f 625/676/810 611/668/802 612/619/753 626/631/765
f 624/677/811 610/670/804 611/668/802 625/676/810
f 614/669/803 621/659/793 622/633/767 613/1091/754
f 615/1089/805 620/629/763 621/659/793 614/669/803
f 584/678/812 589/630/764 620/629/763 615/1089/805
f 636/679/813 633/680/814 634/641/775 635/640/774
f 637/681/815 632/682/816 633/680/814 636/679/813
f 628/683/817 635/640/774 599/643/777 646/656/790
f 643/654/788 648/684/818 649/645/779 644/644/778
f 585/1099/787 591/1097/819 648/684/818 643/654/788
f 634/641/775 626/631/765 604/632/766 600/642/776
f 654/662/796 645/635/769 647/638/772 616/667/801
f 653/661/795 644/644/778 645/635/769 654/662/796
f 652/655/789 643/654/788 644/644/778 653/661/795
f 649/645/779 640/686/820 641/646/780 650/636/770
f 648/684/818 639/650/784 640/686/820 649/645/779
f 591/1097/819 590/1098/785 639/650/784 648/684/818
f 602/687/821 618/672/806 619/623/757 601/663/797
f 603/688/822 617/673/807 618/672/806 602/687/821
f 587/689/823 583/674/808 617/673/807 603/688/822
f 641/646/780 628/683/817 646/656/790 627/647/781
f 640/686/820 629/690/824 628/683/817 641/646/780
f 639/650/784 630/649/783 629/690/824 640/686/820
f 629/690/824 636/679/813 635/640/774 628/683/817
f 630/649/783 637/681/815 636/679/813 629/690/824
f 586/1095/782 594/1096/825 637/681/815 630/649/783
f 633/680/814 625/676/810 626/631/765 634/641/775
f 632/682/816 624/677/811 625/676/810 633/680/814
f 598/675/809 601/663/797 642/657/791 638/664/798
f 597/658/792 602/687/821 601/663/797 598/675/809
f 596/628/762 603/688/822 602/687/821 597/658/792
f 588/627/761 587/689/823 603/688/822 596/628/762
f 609/625/759 616/667/801 595/639/773
f 627/647/781 646/656/790 595/639/773
f 616/667/801 647/638/772 595/639/773
f 647/638/772 623/637/771 595/639/773
f 631/634/768 638/664/798 595/1092/773
f 673/692/826 669/693/827 712/694/828 674/1082/829
f 680/696/830 716/1085/831 670/698/832 668/699/833
f 588/627/761 589/630/764 681/700/834 657/701/835
f 687/702/836 665/703/837 669/693/827 673/692/826
f 674/695/829 712/1083/828 692/704/838 683/705/839
f 706/706/840 708/707/841 684/708/842 711/709/843
f 716/1085/831 656/710/844 670/698/832
f 696/711/845 660/712/846 661/713/847 695/714/848
f 705/715/849 706/706/840 711/709/843 710/716/850
f 711/709/843 684/708/842 688/717/851 702/718/852
f 586/648/782 590/651/785 700/719/853 691/720/854
f 592/652/786 713/721/855 704/722/856 585/653/787
f 660/712/846 656/710/844 661/713/847
f 707/723/857 656/710/844 660/712/846
f 661/713/847 656/710/844 665/703/837
f 703/724/858 656/1084/844 716/697/831
f 681/700/834 682/725/859 658/726/860 657/701/835
f 667/727/861 668/699/833 715/728/862 714/729/863
f 712/1083/828 656/1084/844 692/704/838
f 662/730/864 703/724/858 716/697/831 680/1079/830
f 669/693/827 656/710/844 712/694/828
f 699/731/865 656/1084/844 703/724/858
f 684/708/842 656/710/844 688/717/851
f 665/703/837 656/710/844 669/693/827
f 666/732/866 667/727/861 714/729/863 713/721/855
f 592/652/786 593/666/800 666/732/866 713/721/855
f 668/699/833 670/698/832 677/733/867 715/728/862
f 672/734/868 673/692/826 674/1082/829 675/1080/869
f 671/736/870 672/734/868 675/1080/869 676/1081/871
f 679/1078/872 680/696/830 668/699/833 667/727/861
f 678/1077/873 679/1078/872 667/727/861 666/732/866
f 583/1100/808 678/1077/873 666/732/866 593/666/800
f 683/705/839 692/704/838 699/731/865 659/740/874
f 682/725/859 683/705/839 659/740/874 658/726/860
f 686/741/875 687/702/836 673/692/826 672/734/868
f 685/742/876 686/741/875 672/734/868 671/736/870
f 675/735/869 674/695/829 683/705/839 682/725/859
f 676/737/871 675/735/869 682/725/859 681/700/834
f 584/678/812 676/737/871 681/700/834 589/630/764
f 697/743/877 696/711/845 695/714/848 694/744/878
f 698/745/879 697/743/877 694/744/878 693/746/880
f 689/747/881 707/723/857 660/712/846 696/711/845
f 704/722/856 705/715/849 710/716/850 709/748/882
f 585/653/787 704/722/856 709/748/882 591/685/819
f 695/714/848 661/713/847 665/703/837 687/702/836
f 715/728/862 677/733/867 708/707/841 706/706/840
f 714/729/863 715/728/862 706/706/840 705/715/849
f 713/721/855 714/729/863 705/715/849 704/722/856
f 710/716/850 711/709/843 702/718/852 701/749/883
f 709/748/882 710/716/850 701/749/883 700/719/853
f 591/685/819 709/748/882 700/719/853 590/651/785
f 663/750/884 662/730/864 680/1079/830 679/738/872
f 664/751/885 663/750/884 679/738/872 678/739/873
f 587/689/823 664/751/885 678/739/873 583/674/808
f 702/718/852 688/717/851 707/723/857 689/747/881
f 701/749/883 702/718/852 689/747/881 690/752/886
f 700/719/853 701/749/883 690/752/886 691/720/854
f 690/752/886 689/747/881 696/711/845 697/743/877
f 691/720/854 690/752/886 697/743/877 698/745/879
f 586/648/782 691/720/854 698/745/879 594/691/825
f 694/744/878 695/714/848 687/702/836 686/741/875
f 693/746/880 694/744/878 686/741/875 685/742/876
f 659/740/874 699/731/865 703/724/858 662/730/864
f 658/726/860 659/740/874 662/730/864 663/750/884
f 657/701/835 658/726/860 663/750/884 664/751/885
f 588/627/761 657/701/835 664/751/885 587/689/823
f 670/698/832 656/710/844 677/733/867
f 688/717/851 656/710/844 707/723/857
f 677/733/867 656/710/844 708/707/841
f 708/707/841 656/710/844 684/708/842
f 692/704/838 656/1084/844 699/731/865
s 92
f 719/1109/887 741/754/888 748/755/889 721/1112/890
f 728/757/891 731/758/892 730/759/893 729/760/894
f 727/761/895 732/762/896 731/758/892 728/757/891
f 723/1113/897 717/1106/898 732/762/896 727/761/895
f 737/765/899 728/757/891 729/760/894 738/766/900
f 736/767/901 727/761/895 728/757/891 737/765/899
f 724/1108/902 723/1113/897 727/761/895 736/767/901
f 731/758/892 734/769/903 735/770/904 730/759/893
f 732/762/896 733/771/905 734/769/903 731/758/892
f 843/1105/906 720/1270/907 733/771/905
f 746/774/908 743/775/909 744/776/910 745/777/911
f 747/778/912 742/779/913 743/775/909 746/774/908
f 726/1110/914 725/1107/915 742/779/913 747/778/912
f 718/1103/916 722/1111/917 752/784/918 751/785/919
f 752/784/918 748/755/889 749/786/920 753/787/921
f 722/1111/917 721/1112/890 748/755/889 752/784/918
f 749/786/920 740/788/922 739/789/923 750/790/924
f 748/755/889 741/754/888 740/788/922 749/786/920
f 740/788/922 746/774/908 745/777/911 739/789/923
f 741/754/888 747/778/912 746/774/908 740/788/922
f 719/1109/887 726/1110/914 747/778/912 741/754/888
f 743/775/909 737/765/899 738/766/900 744/776/910
f 742/779/913 736/767/901 737/765/899 743/775/909
f 725/1107/915 724/1108/902 736/767/901 742/779/913
f 729/760/894 730/759/893 757/791/925 756/792/926
f 738/766/900 729/760/894 756/792/926 761/793/927
f 730/759/893 735/770/904 760/794/928 757/791/925
f 745/777/911 744/776/910 763/795/929 764/796/930
f 753/787/921 749/786/920 765/797/931 769/798/932
f 751/785/919 752/784/918 768/799/933 767/800/934
f 739/789/923 745/777/911 764/796/930 762/801/935
f 744/776/910 738/766/900 761/793/927 763/795/929
f 750/790/924 739/789/923 762/801/935 766/802/936
f 718/1103/916 751/785/919 767/800/934 754/803/937
f 720/1270/907 755/1269/938 816/1069/939 813/806/940
f 735/770/904 734/769/903 759/1074/941 760/794/928
f 755/1075/938 758/808/942 815/809/943 816/805/939
f 749/786/920 750/790/924 766/802/936 765/797/931
f 752/784/918 753/787/921 769/798/932 768/799/933
f 833/810/944 828/811/945 791/812/946 784/813/947
f 771/814/948 772/815/949 773/816/950 774/817/951
f 770/818/952 771/814/948 774/817/951 775/819/953
f 835/820/954 770/818/952 775/819/953 829/821/955
f 780/822/956 781/823/957 772/815/949 771/814/948
f 779/824/958 780/822/956 771/814/948 770/818/952
f 831/825/959 779/824/958 770/818/952 835/820/954
f 839/826/960 838/827/961 778/828/962 777/829/963
f 840/830/964 839/826/960 777/829/963 776/831/965
f 842/832/966 840/830/964 776/831/965 832/833/967
f 789/834/968 788/835/969 787/836/970 786/837/971
f 790/838/972 789/834/968 786/837/971 785/839/973
f 834/840/974 790/838/972 785/839/973 830/841/975
f 827/842/976 794/843/977 795/844/978 826/845/979
f 795/844/978 796/846/980 792/847/981 791/812/946
f 826/845/979 795/844/978 791/812/946 828/811/945
f 792/847/981 793/848/982 782/849/983 783/850/984
f 791/812/946 792/847/981 783/850/984 784/813/947
f 783/850/984 782/849/983 788/835/969 789/834/968
f 784/813/947 783/850/984 789/834/968 790/838/972
f 833/810/944 784/813/947 790/838/972 834/840/974
f 786/837/971 787/836/970 781/823/957 780/822/956
f 785/839/973 786/837/971 780/822/956 779/824/958
f 830/841/975 785/839/973 779/824/958 831/825/959
f 772/815/949 797/851/985 798/852/986 773/816/950
f 781/823/957 802/853/987 797/851/985 772/815/949
f 838/827/961 841/854/988 801/855/989 778/828/962
f 788/835/969 805/856/990 804/857/991 787/836/970
f 796/846/980 810/858/992 806/859/993 792/847/981
f 794/843/977 808/860/994 809/861/995 795/844/978
f 782/849/983 803/862/996 805/856/990 788/835/969
f 787/836/970 804/857/991 802/853/987 781/823/957
f 793/848/982 807/863/997 803/862/996 782/849/983
f 827/842/976 836/864/998 808/860/994 794/843/977
f 777/829/963 800/865/999 799/866/1000 776/831/965
f 778/828/962 801/855/989 800/865/999 777/829/963
f 832/833/967 837/867/1001 755/804/938 720/773/907
f 792/847/981 806/859/993 807/863/997 793/848/982
f 795/844/978 809/861/995 810/858/992 796/846/980
f 823/868/1002 822/869/1003 819/1067/1004 818/871/1005
f 822/1070/1003 821/872/1006 820/873/1007 819/870/1004
f 734/769/903 733/771/905 812/874/1008 811/875/1009
f 733/771/905 720/1270/907 813/806/940 812/874/1008
f 758/808/942 759/807/941 814/1071/1010 815/809/943
f 759/1074/941 734/769/903 811/875/1009 814/876/1010
f 817/1073/1011 818/871/1005 825/878/1012
f 820/873/1007 817/877/1011 825/1068/1012
f 821/872/1006 824/879/1013 817/877/1011 820/873/1007
f 824/1072/1013 823/868/1002 818/871/1005 817/1073/1011
f 811/875/1009 812/874/1008 823/868/1002 824/1072/1013
f 815/809/943 814/1071/1010 824/879/1013 821/872/1006
f 813/806/940 816/1069/939 822/869/1003
f 814/876/1010 811/875/1009 824/1072/1013
f 816/805/939 815/809/943 821/872/1006 822/1070/1003
f 812/874/1008 813/806/940 822/869/1003 823/868/1002
f 819/870/1004 820/873/1007 825/1068/1012
f 818/871/1005 819/1067/1004 825/878/1012
f 776/831/965 799/866/1000 837/867/1001 832/833/967
f 718/782/916 754/1104/937 836/864/998 827/842/976
f 725/781/915 830/841/975 831/825/959 724/768/902
f 719/753/887 833/810/944 834/840/974 726/780/914
f 722/783/917 826/845/979 828/811/945 721/756/890
f 718/782/916 827/842/976 826/845/979 722/783/917
f 726/780/914 834/840/974 830/841/975 725/781/915
f 843/772/906 842/832/966 832/833/967 720/773/907
f 724/768/902 831/825/959 835/820/954 723/763/897
f 723/763/897 835/820/954 829/821/955 717/764/898
f 719/753/887 721/756/890 828/811/945 833/810/944
f 773/816/950 798/852/986 841/854/988 838/827/961
f 829/821/955 775/819/953 840/830/964 842/832/966
f 775/819/953 774/817/951 839/826/960 840/830/964
f 774/817/951 773/816/950 838/827/961 839/826/960
f 717/764/898 829/821/955 842/832/966 843/772/906
f 717/1106/898 843/1105/906 733/771/905 732/762/896
s 104
f 847/996/1014 846/985/1015 855/986/1016 856/997/1017
f 848/994/1018 847/996/1014 856/997/1017 857/995/1019
f 849/992/1020 848/994/1018 857/995/1019 858/993/1021
f 850/990/1022 849/992/1020 858/993/1021 859/991/1023
f 851/988/1024 850/990/1022 859/991/1023 860/989/1025
f 852/982/1026 851/988/1024 860/989/1025 861/980/1027
f 845/984/1028 844/1000/1029 853/1002/1030 854/987/1031
f 846/985/1015 845/984/1028 854/987/1031 855/986/1016
s 105
f 857/885/1032 863/898/1033 858/887/1034
s 106
f 852/983/1035 862/899/1036 851/890/1037
s 105
f 858/887/1034 863/898/1033 859/889/1038
f 859/889/1038 863/898/1033 860/891/1039
f 860/891/1039 863/898/1033 861/893/1040
s 106
f 845/894/1041 862/899/1036 844/895/1042
s 108
f 853/896/1043 844/1003/1044 862/1001/1045 863/999/1046
s 106
f 846/881/1047 862/899/1036 845/894/1041
s 108
f 861/981/1048 863/999/1046 862/1001/1045 852/892/1049
s 106
f 847/880/1050 862/899/1036 846/881/1047
s 105
f 853/998/1051 863/898/1033 854/897/1052
s 106
f 848/884/1053 862/899/1036 847/880/1050
s 105
f 854/897/1052 863/898/1033 855/882/1054
s 106
f 849/886/1055 862/899/1036 848/884/1053
s 105
f 855/882/1054 863/898/1033 856/883/1056
s 106
f 850/888/1057 862/899/1036 849/886/1055
s 105
f 856/883/1056 863/898/1033 857/885/1032
s 106
f 851/890/1037 862/899/1036 850/888/1057
s 70
f 542/578/626 544/1198/1058 545/1196/1059 550/579/627
s 71
f 548/1192/1060 551/582/630 543/581/629
s 1
f 865/424/424 864/423/423 377/445/445 378/431/431
f 866/449/449 865/424/424 378/431/431 375/430/430
f 867/1514/450 866/449/449 375/430/430 376/448/448
f 374/452/452 868/432/432 867/450/450 376/1012/448
f 869/433/433 868/432/432 374/452/452 379/422/422
f 380/421/421 870/441/441 869/433/433 379/422/422
f 871/442/442 870/441/441 380/421/421 381/439/439
f 382/438/438 872/443/443 871/442/442 381/439/439
f 377/445/445 864/423/423 872/443/443 382/438/438
f 874/420/420 873/419/419 366/408/408 369/409/409
f 875/436/436 874/420/420 369/409/409 371/412/412
f 876/437/437 875/436/436 371/412/412 373/415/415
f 877/444/444 876/437/437 373/415/415 362/413/413
f 878/428/428 877/444/444 362/413/413 365/386/386
f 879/429/429 878/428/428 365/386/386 358/389/389
f 881/451/451 880/447/447 361/345/345 313/348/348
f 873/419/419 881/451/451 313/348/348 366/408/408
f 883/194/194 882/193/193 146/183/183 143/175/175
f 884/225/225 883/194/194 143/175/175 79/94/94
f 885/1010/221 884/225/225 79/94/94 138/1011/93
f 886/202/202 885/221/221 138/93/93 135/148/148
f 887/203/203 886/202/202 135/148/148 142/147/147
f 888/218/218 887/203/203 142/147/147 139/187/187
f 889/210/210 888/218/218 139/187/187 150/189/189
f 890/211/211 889/210/210 150/189/189 148/184/184
f 882/193/193 890/211/211 148/184/184 146/183/183
f 892/199/199 891/198/198 182/204/204 181/219/219
f 893/217/217 892/199/199 181/219/219 186/213/213
f 185/212/212 894/215/215 893/217/217 186/213/213
f 895/216/216 894/215/215 185/212/212 184/196/196
f 183/195/195 896/207/207 895/216/216 184/196/196
f 897/208/208 896/207/207 183/195/195 178/226/226
f 180/1009/222 898/1008/224 897/208/208 178/226/226
f 179/205/205 899/223/223 898/224/224 180/222/222
f 182/204/204 891/198/198 899/223/223 179/205/205
f 260/370/370 363/418/418 364/425/425
f 11/125/125 12/960/62 141/197/197
f 86/53/53 62/1007/156 4/54/54
f 317/310/310 403/974/352 392/354/354 253/311/311
f 360/426/426 359/446/446 866/449/449 867/1514/450
f 358/389/389 361/1516/345 880/1517/447 879/429/429
s 110
f 900/1295/1061 903/1298/1062 902/1297/1063 901/1296/1064
f 904/1299/1065 905/1300/1066 903/1298/1062 900/1295/1061
f 906/1301/1067 904/1299/1065 900/1295/1061 907/1302/1068
f 907/1302/1068 900/1295/1061 901/1296/1064 908/1303/1069
s 111
f 909/1304/1070 912/1307/1071 911/1306/1072 910/1305/1073
f 913/1308/1074 909/1304/1070 910/1305/1073 914/1309/1075
f 915/1310/1076 916/1311/1077 909/1304/1070 913/1308/1074
f 916/1311/1077 917/1312/1078 912/1307/1071 909/1304/1070
s 112
f 902/1313/1079 903/1316/1080 910/1315/1081 911/1314/1082
f 903/1316/1080 905/1318/1083 914/1317/1084 910/1315/1081
s 113
f 907/1319/1085 908/1322/1086 917/1321/1087 916/1320/1088
f 908/1322/1086 901/1324/1089 912/1323/1090 917/1321/1087
s 114
f 906/1325/1091 907/1328/1092 916/1327/1093 915/1326/1094
s 113
f 901/1324/1089 902/1313/1095 911/1314/1096 912/1323/1090
s 114
f 904/1329/1097 906/1325/1091 915/1326/1094 913/1330/1098
f 905/1318/1099 904/1329/1097 913/1330/1098 914/1317/1100
s 115
f 918/1331/1101 921/1334/1102 920/1333/1103 919/1332/1104
f 922/1335/1105 925/1338/1106 924/1337/1107 923/1336/1108
f 925/1339/1106 927/1342/1109 926/1341/1110 924/1340/1107
f 921/1334/1102 929/1344/1111 928/1343/1112 920/1333/1103
f 929/1345/1111 931/1347/1113 930/1346/1114
f 932/1348/1115 935/1351/1116 934/1350/1117 933/1349/1118
f 927/1342/1109 937/1353/1119 936/1352/1120 926/1341/1110
f 938/1354/1121 941/1357/1122 940/1356/1123 939/1355/1124
f 942/1358/1125 945/1361/1126 944/1360/1127 943/1359/1128
f 941/1357/1122 942/1363/1125 943/1362/1128 940/1356/1123
f 945/1361/1126 918/1331/1101 919/1332/1104 944/1360/1127
f 937/1353/1119 938/1354/1121 939/1355/1124 936/1352/1120
f 946/1364/1129 949/1367/1130 948/1366/1131 947/1365/1132
f 950/1368/1133 953/1371/1134 952/1370/1135 951/1369/1136
f 954/1372/1137 957/1375/1138 956/1374/1139 955/1373/1140
f 957/1375/1138 950/1377/1133 951/1376/1136 956/1374/1139
f 949/1367/1130 954/1372/1137 955/1373/1140 948/1366/1131
f 958/1378/1141 946/1364/1129 947/1365/1132 959/1379/1142
f 960/1380/1143 963/1383/1144 962/1382/1145 961/1381/1146
f 963/1383/1144 965/1385/1147 964/1384/1148 962/1382/1145
f 966/1386/1149 969/1389/1150 968/1388/1151 967/1387/1152
f 970/1390/1153 966/1386/1149 967/1387/1152 971/1391/1154
f 972/1392/1155 958/1378/1141 959/1379/1142 973/1393/1156
f 965/1394/1147 972/1392/1155 973/1393/1156 964/1395/1148
f 953/1371/1134 970/1390/1153 971/1391/1154 952/1370/1135
f 947/1396/1132 948/1397/1131 938/1354/1121 937/1353/1119
f 951/1398/1136 952/1399/1135 918/1331/1101 945/1361/1126
f 955/1400/1140 956/1401/1139 942/1363/1125 941/1357/1122
f 956/1402/1139 951/1398/1136 945/1361/1126 942/1358/1125
f 948/1397/1131 955/1400/1140 941/1357/1122 938/1354/1121
f 959/1403/1142 947/1396/1132 937/1353/1119 927/1342/1109
f 961/1404/1146 962/1405/1145 935/1351/1116 932/1348/1115
f 962/1405/1145 964/1406/1148 922/1335/1105 935/1351/1116
f 967/1407/1152 968/1408/1151 931/1347/1113 929/1345/1111
f 971/1409/1154 967/1410/1152 929/1344/1111 921/1334/1102
f 973/1411/1156 959/1403/1142 927/1342/1109 925/1339/1106
f 964/1406/1148 973/1412/1156 925/1338/1106 922/1335/1105
f 952/1399/1135 971/1409/1154 921/1334/1102 918/1331/1101
f 974/1413/1157 976/1415/1158 923/1336/1108 975/1414/1159
f 934/1416/1117 976/1419/1158 978/1418/1160 977/1417/1161
f 979/1420/1162 977/1417/1161 978/1418/1160 980/1421/1163
f 974/1422/1157 982/1424/1164 981/1423/1165 980/1421/1163
f 982/1425/1164 930/1427/1114 983/1426/1166 981/1423/1165
f 933/1428/1118 934/1429/1117 977/1417/1161 979/1420/1162
f 922/1335/1105 923/1336/1108 976/1415/1158 934/1350/1117
f 935/1351/1116 922/1335/1105 934/1350/1117
f 928/1430/1112 929/1345/1111 930/1346/1114 982/1431/1164
f 984/1432/1167 987/1435/1168 986/1434/1169 985/1433/1170
f 988/1436/1171 984/1432/1167 985/1433/1170 989/1437/1172
f 987/1438/1168 991/1441/1173 990/1440/1174 986/1439/1169
f 992/1442/1175 995/1445/1176 994/1444/1177 993/1443/1178
f 991/1441/1173 997/1447/1179 996/1446/1180 990/1440/1174
f 998/1448/1181 1001/1451/1182 1000/1450/1183 999/1449/1184
f 1001/1451/1182 1003/1453/1185 1002/1452/1186 1000/1450/1183
f 997/1447/1179 1005/1455/1187 1004/1454/1188 996/1446/1180
s 125
f 993/1456/1189 994/1459/1190 1007/1458/1191 1006/1457/1192
f 990/1460/1193 996/1463/1194 1009/1462/1195 1008/1461/1196
s 115
f 1010/1464/1197 998/1448/1181 999/1449/1184 1011/1465/1198
f 1003/1453/1185 992/1442/1175 993/1443/1178 1002/1452/1186
f 995/1445/1176 988/1436/1171 989/1437/1172 994/1444/1177
f 939/1466/1124 940/1467/1123 988/1436/1171 995/1445/1176
f 926/1468/1110 936/1469/1120 992/1442/1175 1003/1453/1185
f 975/1470/1159 923/1471/1108 998/1448/1181 1010/1464/1197
f 920/1472/1103 928/1473/1112 1005/1455/1187 997/1447/1179
f 924/1474/1107 926/1468/1110 1003/1453/1185 1001/1451/1182
f 923/1471/1108 924/1474/1107 1001/1451/1182 998/1448/1181
f 919/1475/1104 920/1472/1103 997/1447/1179 991/1441/1173
f 936/1469/1120 939/1466/1124 995/1445/1176 992/1442/1175
f 944/1476/1127 919/1475/1104 991/1441/1173 987/1438/1168
f 940/1467/1123 943/1477/1128 984/1432/1167 988/1436/1171
f 943/1477/1128 944/1478/1127 987/1435/1168 984/1432/1167
f 928/1473/1112 975/1470/1159 1010/1464/1197 1005/1455/1187
f 1005/1455/1187 1010/1464/1197 1011/1465/1198 1004/1454/1188
f 930/1479/1114 933/1428/1118 979/1420/1162 983/1426/1166
f 976/1480/1158 974/1422/1157 980/1421/1163 978/1418/1160
f 983/1426/1166 979/1420/1162 980/1421/1163 981/1423/1165
f 982/1431/1164 974/1413/1157 975/1414/1159 928/1430/1112
f 968/1408/1151 961/1404/1146 932/1348/1115 931/1347/1113
f 969/1389/1150 960/1380/1143 961/1381/1146 968/1388/1151
f 931/1347/1113 932/1348/1115 933/1349/1118 930/1346/1114
s 125
f 1002/1481/1199 993/1456/1189 1006/1457/1192 1012/1482/1200
f 999/1483/1201 1000/1486/1202 1014/1485/1203 1013/1484/1204
f 985/1487/1205 986/1490/1206 1016/1489/1207 1015/1488/1208
f 994/1459/1190 989/1492/1209 1017/1491/1210 1007/1458/1191
f 1004/1493/1211 1011/1496/1212 1019/1495/1213 1018/1494/1214
f 996/1463/1194 1004/1493/1211 1018/1494/1214 1009/1462/1195
f 1000/1486/1202 1002/1481/1199 1012/1482/1200 1014/1485/1203
f 1011/1496/1212 999/1483/1201 1013/1484/1204 1019/1495/1213
f 986/1497/1206 990/1460/1193 1008/1461/1196 1016/1498/1207
f 989/1492/1209 985/1487/1205 1015/1488/1208 1017/1491/1210
s 127
f 949/1499/1215 946/1501/1216 1020/1500/1217
f 970/1502/1218 953/1503/1219 1020/1500/1217
f 972/1504/1220 965/1505/1221 1020/1500/1217
f 958/1506/1222 972/1504/1220 1020/1500/1217
f 966/1507/1223 970/1502/1218 1020/1500/1217
f 969/1508/1224 966/1507/1223 1020/1500/1217
f 965/1505/1221 963/1509/1225 1020/1500/1217
f 963/1509/1225 960/1510/1226 1020/1500/1217
f 946/1501/1216 958/1506/1222 1020/1500/1217
f 954/1511/1227 949/1499/1215 1020/1500/1217
f 950/1512/1228 957/1513/1229 1020/1500/1217
f 957/1513/1229 954/1511/1227 1020/1500/1217
f 960/1510/1226 969/1508/1224 1020/1500/1217
f 953/1503/1219 950/1512/1228 1020/1500/1217
